account_id,industry,country,anciennete_mois,churn,nb_changements_plan,mrr_moyen,nb_sieges_max,downgrade_detecte,auto_renew_flag,est_enterprise,nb_tickets_total,nb_tickets_critiques,satisfaction_moyenne,delai_resolution_moyen,ratio_tickets_critiques,usage_total_count,nb_features_uniques,jours_depuis_derniere_activite,usage_moyen_3mois,tendance_usage
A-2e4581,EdTech,US,1.6,1,1.0,826.7142857142857,102.0,0.0,0.0,1.0,1.0,1.0,3.0,27.0,1.0,522,27,6,22.333333333333332,3.5
A-43a9e3,FinTech,IN,16.5,0,3.0,1250.5,28.0,0.0,1.0,0.0,3.0,2.0,4.0,38.0,0.6666666666666666,355,23,3,12.666666666666666,0.5
A-0a282f,DevTools,US,4.1,1,2.0,1219.0666666666666,60.0,1.0,1.0,0.0,3.0,1.0,4.666666666666667,43.666666666666664,0.3333333333333333,821,34,9,34.666666666666664,33.5
A-1f0ac7,HealthTech,UK,14.4,1,1.0,1498.2,47.0,0.0,1.0,0.0,2.0,1.0,4.0,29.0,0.5,354,24,17,17.333333333333332,5.5
A-ce550d,HealthTech,US,2.0,1,2.0,3383.75,54.0,0.0,1.0,0.0,7.0,4.0,3.857142857142857,42.285714285714285,0.5714285714285714,579,32,5,36.0,-8.0
A-1b9609,EdTech,IN,13.2,1,0.0,1528.1818181818182,49.0,0.0,1.0,1.0,4.0,3.0,3.75,43.0,0.75,450,28,12,23.0,8.0
A-a0ca4e,Cybersecurity,US,9.8,0,0.0,1848.111111111111,49.0,0.0,1.0,1.0,6.0,2.0,3.8333333333333335,39.166666666666664,0.3333333333333333,373,26,15,20.666666666666668,-12.0
A-e5d6ab,EdTech,US,12.9,1,0.0,1330.1666666666667,35.0,0.0,1.0,1.0,1.0,1.0,4.0,50.0,1.0,249,21,5,20.666666666666668,8.5
A-7dacce,Cybersecurity,CA,3.5,1,1.0,2305.7,67.0,0.0,1.0,0.0,4.0,4.0,3.75,32.5,1.0,466,27,41,22.333333333333332,-21.0
A-10b8da,DevTools,US,19.8,0,1.0,1464.5,34.0,0.0,1.0,0.0,3.0,2.0,3.6666666666666665,31.333333333333332,0.6666666666666666,257,23,9,18.666666666666668,-6.0
A-592832,Cybersecurity,US,0.3,1,1.0,3555.8,42.0,0.0,1.0,1.0,2.0,1.0,4.5,28.5,0.5,949,37,3,46.0,29.0
A-d40bf7,FinTech,IN,1.8,0,1.0,4324.7,59.0,0.0,1.0,0.0,2.0,2.0,5.0,20.5,1.0,562,29,41,15.0,-4.0
A-6c093d,DevTools,US,20.6,0,2.0,1353.5,62.0,0.0,1.0,1.0,3.0,2.0,4.333333333333333,40.333333333333336,0.6666666666666666,670,30,2,36.333333333333336,16.5
A-462d45,Cybersecurity,US,4.0,1,3.0,2023.375,89.0,1.0,1.0,0.0,3.0,3.0,4.0,26.0,1.0,494,29,7,22.333333333333332,4.0
A-956988,EdTech,UK,1.0,1,1.0,1919.9166666666667,72.0,1.0,1.0,1.0,2.0,1.0,3.5,50.5,0.5,658,32,6,24.666666666666668,-8.0
A-ac14bb,FinTech,US,12.8,1,2.0,3468.25,71.0,0.0,1.0,0.0,2.0,1.0,4.0,24.5,0.5,473,31,9,17.333333333333332,-0.5
A-463db0,HealthTech,US,0.8,1,0.0,2088.5,42.0,0.0,1.0,0.0,6.0,2.0,4.166666666666667,50.166666666666664,0.3333333333333333,367,25,3,18.0,5.0
A-ce66f8,EdTech,CA,16.3,0,0.0,1976.3333333333333,37.0,0.0,1.0,0.0,6.0,2.0,3.8333333333333335,41.666666666666664,0.3333333333333333,494,29,1,20.0,0.5
A-c4ea60,FinTech,DE,21.8,0,1.0,1627.3333333333333,58.0,1.0,1.0,1.0,5.0,1.0,3.6,36.0,0.2,427,28,21,20.333333333333332,-1.5
A-832ec2,FinTech,UK,9.9,1,2.0,703.0,31.0,0.0,1.0,0.0,3.0,1.0,4.0,26.0,0.3333333333333333,382,25,20,17.666666666666668,-4.0
A-684255,FinTech,US,2.6,1,2.0,554.5,32.0,0.0,1.0,0.0,2.0,1.0,4.5,5.5,0.5,489,32,30,22.333333333333332,-22.0
A-c42f1f,HealthTech,US,5.2,0,2.0,646.875,28.0,1.0,1.0,0.0,9.0,4.0,4.0,31.333333333333332,0.4444444444444444,337,24,63,5.333333333333333,-8.0
A-4e44e8,DevTools,US,1.7,1,2.0,2174.5,78.0,0.0,1.0,0.0,3.0,1.0,3.3333333333333335,31.333333333333332,0.3333333333333333,637,31,20,36.333333333333336,-6.5
A-30b4ca,EdTech,IN,3.4,1,0.0,10614.857142857143,86.0,0.0,1.0,0.0,2.0,0.0,4.0,54.5,0.0,332,25,29,13.333333333333334,3.5
A-9f2731,FinTech,IN,2.2,1,1.0,516.1428571428571,39.0,1.0,1.0,0.0,0.0,0.0,4.0,36.0,0.0,314,22,31,18.0,0.0
A-32fb14,DevTools,US,13.7,1,0.0,487.6666666666667,47.0,0.0,1.0,0.0,1.0,0.0,4.0,63.0,0.0,403,26,8,29.0,6.5
A-00cac8,HealthTech,AU,15.6,0,1.0,1569.0,39.0,1.0,1.0,0.0,2.0,2.0,4.0,33.0,1.0,602,30,8,15.666666666666666,4.5
A-35083d,HealthTech,IN,20.2,0,3.0,2027.0625,49.0,0.0,1.0,1.0,4.0,3.0,4.75,49.75,0.75,791,29,3,35.0,1.0
A-eb7fac,DevTools,US,8.8,1,0.0,6113.666666666667,136.0,0.0,1.0,1.0,4.0,2.0,4.0,34.0,0.5,440,25,5,36.0,8.0
A-b20d99,HealthTech,IN,5.2,1,0.0,2180.0,20.0,0.0,1.0,0.0,2.0,0.0,3.5,61.5,0.0,206,14,29,15.0,-1.0
A-396e5f,Cybersecurity,CA,1.9,1,3.0,1021.5,53.0,1.0,1.0,0.0,4.0,3.0,4.0,16.0,0.75,497,28,4,22.333333333333332,8.5
A-45ce7a,FinTech,US,17.3,0,3.0,1173.7142857142858,22.0,1.0,1.0,1.0,5.0,0.0,3.8,45.4,0.0,424,21,8,10.666666666666666,-2.0
A-08e34e,EdTech,US,2.2,1,0.0,708.75,77.0,0.0,0.0,0.0,3.0,1.0,3.3333333333333335,43.0,0.3333333333333333,531,32,1,39.666666666666664,-3.0
A-8145a0,Cybersecurity,AU,2.6,1,0.0,0.0,0.0,0.0,0.0,0.0,2.0,0.0,4.5,14.5,0.0,143,10,3,25.333333333333332,4.5
A-bad8c1,FinTech,AU,7.1,1,0.0,1722.0,54.0,0.0,1.0,0.0,0.0,0.0,4.0,36.0,0.0,164,16,31,10.666666666666666,-5.5
A-44dc83,EdTech,FR,6.6,1,0.0,114.0,37.0,0.0,1.0,1.0,7.0,4.0,4.428571428571429,40.857142857142854,0.5714285714285714,248,16,51,12.0,-12.0
A-f446b6,DevTools,DE,19.7,0,0.0,1265.7777777777778,53.0,0.0,1.0,0.0,8.0,6.0,4.125,30.75,0.75,376,27,18,18.0,1.5
A-a45270,HealthTech,US,4.6,1,2.0,2154.1111111111113,79.0,0.0,0.0,1.0,3.0,3.0,4.0,63.0,1.0,694,33,10,6.0,-2.0
A-854864,FinTech,IN,0.6,1,0.0,4219.5,91.0,0.0,0.0,0.0,5.0,2.0,4.8,44.2,0.4,248,17,9,10.333333333333334,8.5
A-1b7577,Cybersecurity,US,2.2,0,1.0,797.3636363636364,81.0,1.0,1.0,0.0,5.0,3.0,4.0,27.2,0.6,647,33,12,35.333333333333336,-5.5
A-05f0e5,FinTech,US,18.8,1,2.0,4259.083333333333,92.0,0.0,1.0,0.0,4.0,2.0,4.0,20.0,0.5,651,32,4,36.0,23.5
A-9077b0,HealthTech,US,4.2,0,3.0,509.2857142857143,63.0,0.0,1.0,0.0,3.0,3.0,4.333333333333333,40.333333333333336,1.0,493,26,44,11.0,-3.0
A-7f8241,EdTech,US,21.6,0,2.0,2634.4,60.0,0.0,0.0,1.0,1.0,0.0,3.0,36.0,0.0,734,34,11,36.0,-37.5
A-2bc93d,HealthTech,US,17.1,1,2.0,3384.5,95.0,0.0,1.0,0.0,1.0,1.0,4.0,17.0,1.0,538,31,6,30.666666666666668,16.5
A-f3ff05,FinTech,IN,3.5,1,1.0,2066.777777777778,48.0,0.0,1.0,1.0,3.0,1.0,3.6666666666666665,42.666666666666664,0.3333333333333333,648,27,1,33.333333333333336,31.5
A-2d4502,FinTech,IN,0.3,1,0.0,392.0,8.0,0.0,1.0,0.0,3.0,2.0,4.666666666666667,26.333333333333332,0.6666666666666666,374,24,12,27.666666666666668,-10.5
A-6a4e2d,EdTech,UK,15.4,1,2.0,1023.7777777777778,56.0,1.0,1.0,0.0,1.0,0.0,4.0,22.0,0.0,481,24,2,38.666666666666664,3.5
A-eb7c38,DevTools,AU,0.9,1,0.0,0.0,0.0,0.0,0.0,0.0,3.0,2.0,4.0,23.666666666666668,0.6666666666666666,386,27,8,25.666666666666668,-10.0
A-c37601,EdTech,US,1.5,1,0.0,538.0,22.0,0.0,1.0,0.0,4.0,2.0,3.75,42.25,0.5,489,28,10,23.0,-4.0
A-3b5cd1,FinTech,US,11.6,1,3.0,1054.2,55.0,1.0,1.0,1.0,4.0,1.0,4.0,19.25,0.25,369,21,7,6.666666666666667,6.0
A-b2225d,FinTech,US,3.6,1,1.0,2561.5,47.0,1.0,1.0,1.0,1.0,1.0,3.0,24.0,1.0,494,32,1,29.666666666666668,-3.0
A-94f8c9,HealthTech,US,1.1,1,1.0,1074.6666666666667,13.0,0.0,1.0,1.0,2.0,1.0,5.0,45.5,0.5,547,31,6,29.666666666666668,-0.5
A-02fac6,FinTech,US,16.5,1,0.0,2513.3333333333335,59.0,0.0,1.0,0.0,6.0,2.0,4.0,23.333333333333332,0.3333333333333333,401,28,6,19.333333333333332,10.0
A-c1dfe1,DevTools,DE,10.0,1,2.0,2392.6,33.0,1.0,0.0,1.0,2.0,1.0,4.0,43.0,0.5,318,22,19,19.0,-12.5
A-32728c,DevTools,US,18.5,1,1.0,528.5714285714286,20.0,0.0,1.0,0.0,2.0,0.0,3.5,34.5,0.0,357,24,18,26.666666666666668,-3.5
A-4c38bc,HealthTech,UK,9.8,0,2.0,3003.75,36.0,0.0,1.0,0.0,3.0,2.0,3.6666666666666665,48.333333333333336,0.6666666666666666,818,37,3,35.333333333333336,29.0
A-1b707d,Cybersecurity,US,0.2,1,0.0,0.0,0.0,0.0,0.0,0.0,0.0,0.0,4.0,36.0,0.0,146,12,12,19.0,15.5
A-6f8ad2,EdTech,IN,5.8,0,3.0,1525.1764705882354,70.0,1.0,0.0,0.0,4.0,2.0,4.25,35.25,0.5,924,38,1,35.0,-12.5
A-4d1e75,DevTools,US,0.5,1,0.0,0.0,0.0,0.0,0.0,0.0,2.0,0.0,4.0,15.0,0.0,382,23,40,11.0,-6.0
A-9ee962,HealthTech,US,19.2,1,4.0,1046.6666666666667,30.0,1.0,1.0,0.0,3.0,1.0,4.0,37.0,0.3333333333333333,416,25,9,9.333333333333334,-1.0
A-378b99,EdTech,UK,1.3,1,0.0,937.0,68.0,0.0,1.0,0.0,6.0,1.0,4.333333333333333,28.5,0.16666666666666666,491,31,5,17.666666666666668,-11.5
A-94d3da,HealthTech,US,11.3,1,1.0,1526.111111111111,41.0,0.0,1.0,0.0,2.0,2.0,3.5,35.0,1.0,352,24,6,28.333333333333332,18.0
A-e351e1,EdTech,US,2.3,1,0.0,717.75,33.0,0.0,0.0,0.0,3.0,1.0,4.0,21.0,0.3333333333333333,266,17,19,13.333333333333334,-2.0
A-9badbd,Cybersecurity,DE,6.4,0,0.0,2498.230769230769,103.0,0.0,1.0,1.0,5.0,3.0,4.4,30.2,0.6,729,33,7,27.333333333333332,-2.5
A-7e0a10,FinTech,US,10.3,1,1.0,3020.6666666666665,46.0,0.0,1.0,0.0,4.0,4.0,4.0,37.75,1.0,431,29,15,19.333333333333332,-9.5
A-118d55,Cybersecurity,US,2.2,1,5.0,1939.6666666666667,36.0,1.0,1.0,0.0,5.0,1.0,4.2,24.2,0.2,592,28,11,26.333333333333332,-12.0
A-526d93,HealthTech,FR,5.4,1,1.0,3545.0,49.0,0.0,1.0,0.0,4.0,3.0,3.75,50.75,0.75,460,25,45,21.0,-10.0
A-f92792,FinTech,US,4.0,1,2.0,1999.6666666666667,35.0,1.0,1.0,0.0,1.0,0.0,4.0,70.0,0.0,484,31,9,14.666666666666666,-1.0
A-84ebe4,FinTech,US,10.3,1,0.0,2701.0,21.0,0.0,0.0,1.0,2.0,1.0,4.0,39.0,0.5,163,15,5,10.333333333333334,-7.5
A-5b4ebb,Cybersecurity,UK,5.7,0,1.0,2138.6923076923076,63.0,0.0,1.0,0.0,5.0,0.0,4.6,35.4,0.0,692,34,7,17.666666666666668,-9.0
A-2922b6,HealthTech,US,1.3,1,0.0,1937.8,51.0,0.0,1.0,1.0,2.0,2.0,4.0,15.5,1.0,393,27,7,25.666666666666668,7.0
A-9b9fe9,EdTech,AU,11.2,1,1.0,491.875,24.0,1.0,1.0,0.0,3.0,1.0,4.0,42.0,0.3333333333333333,460,28,16,24.333333333333332,3.5
A-a8b49c,Cybersecurity,UK,8.4,1,0.0,495.3333333333333,30.0,0.0,1.0,0.0,1.0,0.0,4.0,72.0,0.0,409,25,2,33.333333333333336,-9.5
A-9174e0,Cybersecurity,US,0.9,0,2.0,3598.4,68.0,0.0,1.0,1.0,2.0,1.0,4.5,39.0,0.5,689,34,3,18.333333333333332,1.0
A-a1bbb6,DevTools,CA,20.9,0,0.0,1800.25,28.0,0.0,1.0,0.0,3.0,3.0,4.0,17.666666666666668,1.0,366,23,2,19.333333333333332,23.0
A-c45b23,FinTech,UK,3.5,1,0.0,246.66666666666666,8.0,0.0,1.0,0.0,0.0,0.0,4.0,36.0,0.0,379,25,2,34.0,15.0
A-02cd81,HealthTech,IN,1.1,1,0.0,418.0,44.0,0.0,1.0,0.0,2.0,1.0,4.5,21.5,0.5,448,25,6,41.333333333333336,8.5
A-ee42db,EdTech,DE,18.6,1,2.0,999.7272727272727,115.0,1.0,1.0,0.0,4.0,2.0,3.75,33.75,0.5,457,29,1,27.0,18.0
A-432483,Cybersecurity,US,22.8,0,1.0,2868.1111111111113,60.0,0.0,1.0,0.0,1.0,1.0,4.0,51.0,1.0,451,25,20,24.666666666666668,8.0
A-9208f0,EdTech,US,18.0,1,1.0,438.875,49.0,0.0,1.0,0.0,7.0,1.0,3.857142857142857,37.57142857142857,0.14285714285714285,495,27,27,15.333333333333334,-12.5
A-98a59a,FinTech,UK,13.3,1,3.0,2821.0,148.0,1.0,0.0,1.0,2.0,1.0,4.5,42.5,0.5,405,27,32,23.0,-19.0
A-fe79a5,HealthTech,IN,10.3,0,2.0,1353.2,23.0,0.0,1.0,1.0,4.0,2.0,4.5,28.5,0.5,335,22,24,7.0,1.0
A-726cfa,DevTools,US,13.3,1,2.0,1337.642857142857,33.0,0.0,1.0,1.0,3.0,2.0,4.0,35.666666666666664,0.6666666666666666,808,37,3,36.333333333333336,4.5
A-c43359,FinTech,US,1.1,1,2.0,1655.7142857142858,38.0,1.0,1.0,0.0,3.0,3.0,4.0,26.666666666666668,1.0,432,27,13,15.666666666666666,-0.5
A-271f46,DevTools,US,18.0,1,0.0,1621.3333333333333,38.0,0.0,1.0,0.0,1.0,0.0,4.0,36.0,0.0,300,23,23,13.666666666666666,-0.5
A-157070,FinTech,US,13.6,1,3.0,1719.125,49.0,1.0,1.0,0.0,3.0,1.0,3.6666666666666665,42.333333333333336,0.3333333333333333,683,36,20,20.0,-5.0
A-40a557,Cybersecurity,AU,0.2,1,0.0,0.0,0.0,0.0,0.0,0.0,2.0,0.0,3.5,25.0,0.0,174,15,10,19.0,11.0
A-66224b,HealthTech,US,2.5,0,0.0,5765.333333333333,111.0,0.0,1.0,1.0,6.0,3.0,3.5,39.833333333333336,0.5,626,34,28,17.333333333333332,4.5
A-91e948,EdTech,AU,23.1,0,2.0,3127.714285714286,41.0,0.0,1.0,1.0,0.0,0.0,4.0,36.0,0.0,404,23,6,13.333333333333334,1.0
A-104f1a,Cybersecurity,US,3.8,1,0.0,1799.1666666666667,123.0,0.0,1.0,0.0,4.0,1.0,3.75,38.5,0.25,416,28,17,14.333333333333334,15.5
A-7988d1,Cybersecurity,US,12.2,1,0.0,1188.0,92.0,0.0,1.0,0.0,3.0,2.0,4.333333333333333,35.333333333333336,0.6666666666666666,449,31,1,30.0,3.5
A-faa28c,HealthTech,US,6.7,1,2.0,3601.7,65.0,0.0,1.0,1.0,3.0,2.0,4.666666666666667,51.666666666666664,0.6666666666666666,487,25,11,18.333333333333332,-4.0
A-f25509,EdTech,US,7.7,1,0.0,3759.75,47.0,0.0,1.0,0.0,6.0,4.0,4.333333333333333,42.666666666666664,0.6666666666666666,202,15,65,3.6666666666666665,-5.5
A-3a7284,FinTech,US,1.3,1,2.0,3090.909090909091,73.0,1.0,1.0,0.0,3.0,3.0,3.6666666666666665,56.333333333333336,1.0,609,33,4,35.0,14.5
A-3a5ad8,HealthTech,US,12.9,0,2.0,2207.769230769231,95.0,1.0,1.0,1.0,4.0,4.0,4.25,44.75,1.0,506,27,17,16.0,11.0
A-65a46c,HealthTech,US,13.9,0,2.0,2834.375,78.0,0.0,1.0,0.0,8.0,6.0,4.0,45.125,0.75,370,24,6,24.0,8.0
A-8b25f2,Cybersecurity,US,10.5,0,3.0,1080.6153846153845,47.0,1.0,1.0,1.0,2.0,0.0,4.0,35.5,0.0,565,29,5,25.333333333333332,-1.5
A-fabe19,DevTools,UK,1.7,0,2.0,2928.1428571428573,33.0,0.0,0.0,1.0,3.0,3.0,4.0,40.666666666666664,1.0,337,20,7,18.0,21.0
A-adc1f3,Cybersecurity,US,4.9,0,0.0,2956.4444444444443,50.0,0.0,1.0,1.0,3.0,2.0,3.6666666666666665,47.333333333333336,0.6666666666666666,334,24,10,18.0,-12.0
A-503d5a,FinTech,US,14.4,0,1.0,1490.3333333333333,56.0,1.0,0.0,1.0,9.0,4.0,4.0,36.55555555555556,0.4444444444444444,605,34,17,46.0,2.0
A-fd7ad3,Cybersecurity,US,2.0,1,2.0,383.1,29.0,0.0,1.0,0.0,8.0,4.0,4.125,48.75,0.5,567,31,36,15.333333333333334,-4.5
A-186a44,HealthTech,US,16.9,0,2.0,1499.2142857142858,47.0,1.0,1.0,0.0,7.0,5.0,3.7142857142857144,38.285714285714285,0.7142857142857143,614,30,35,30.666666666666668,-29.0
A-e888d1,Cybersecurity,US,20.1,1,1.0,1281.3,54.0,0.0,1.0,0.0,5.0,3.0,4.0,43.0,0.6,529,30,1,29.666666666666668,-18.5
A-69fad4,FinTech,UK,14.4,1,0.0,1245.857142857143,35.0,0.0,1.0,0.0,2.0,0.0,4.0,62.5,0.0,302,18,4,6.666666666666667,-3.0
A-9289f6,EdTech,US,2.8,1,1.0,323.0,22.0,0.0,1.0,0.0,2.0,0.0,4.5,42.5,0.0,284,21,2,38.666666666666664,18.0
A-f19409,DevTools,US,2.3,1,1.0,2156.0,44.0,0.0,1.0,0.0,2.0,0.0,4.0,9.0,0.0,73,7,11,20.666666666666668,8.0
A-22f2df,DevTools,US,0.6,0,2.0,827.8888888888889,61.0,1.0,1.0,0.0,5.0,5.0,4.2,44.8,1.0,429,25,23,15.0,0.0
A-039727,EdTech,AU,1.6,1,5.0,2428.0,64.0,1.0,1.0,1.0,0.0,0.0,4.0,36.0,0.0,761,33,14,22.0,3.5
A-2e3bad,FinTech,CA,7.6,1,0.0,4529.25,61.0,0.0,1.0,1.0,4.0,2.0,3.75,34.75,0.5,335,21,8,16.666666666666668,-4.5
A-484819,HealthTech,US,10.2,1,1.0,2502.0,18.0,0.0,1.0,0.0,2.0,2.0,4.5,17.0,1.0,174,15,32,8.666666666666666,-3.0
A-425e76,DevTools,UK,17.2,1,1.0,1555.5454545454545,71.0,0.0,1.0,1.0,5.0,3.0,3.6,48.2,0.6,405,27,21,21.0,6.5
A-e83938,DevTools,UK,13.3,1,2.0,937.875,54.0,0.0,0.0,0.0,4.0,0.0,3.75,31.0,0.0,266,22,14,8.0,-3.0
A-ad296b,DevTools,AU,5.6,0,0.0,3071.6666666666665,38.0,0.0,1.0,0.0,3.0,2.0,3.6666666666666665,28.333333333333332,0.6666666666666666,294,24,18,12.0,-10.5
A-e51ec7,FinTech,CA,6.5,1,1.0,2487.5,25.0,1.0,1.0,0.0,2.0,0.0,4.0,33.0,0.0,309,22,7,25.0,6.0
A-0aaf6e,FinTech,US,7.7,0,0.0,2676.0,88.0,0.0,1.0,1.0,5.0,1.0,4.0,45.0,0.2,599,25,9,32.333333333333336,-3.5
A-e61e98,FinTech,US,12.0,1,2.0,1498.2222222222222,40.0,0.0,1.0,1.0,5.0,2.0,4.6,35.4,0.4,509,31,29,44.0,-26.5
A-92a333,FinTech,US,21.3,0,1.0,1776.5,67.0,1.0,1.0,0.0,4.0,1.0,4.0,23.25,0.25,364,22,12,26.333333333333332,-16.0
A-95b24a,FinTech,US,18.9,0,5.0,2275.818181818182,47.0,1.0,1.0,0.0,5.0,4.0,4.2,21.2,0.8,611,32,1,30.333333333333332,2.5
A-42e5e1,DevTools,US,2.9,1,2.0,1012.0,53.0,1.0,1.0,0.0,3.0,2.0,4.0,29.0,0.6666666666666666,353,22,2,16.666666666666668,5.0
A-7d514c,HealthTech,DE,10.9,0,2.0,2697.1111111111113,43.0,0.0,1.0,1.0,3.0,2.0,4.333333333333333,33.333333333333336,0.6666666666666666,502,30,21,17.0,-11.0
A-65aeb5,DevTools,US,10.2,1,1.0,2866.0,63.0,1.0,1.0,0.0,2.0,1.0,4.5,42.5,0.5,503,30,8,25.333333333333332,-9.0
A-e2cd1b,DevTools,US,10.9,0,1.0,1394.2222222222222,119.0,0.0,1.0,1.0,5.0,3.0,4.0,37.8,0.6,465,29,7,20.0,-5.5
A-180abf,DevTools,US,13.0,1,1.0,5964.8,64.0,0.0,1.0,0.0,3.0,0.0,3.6666666666666665,36.333333333333336,0.0,425,28,9,24.0,0.5
A-f17767,DevTools,US,3.1,1,1.0,639.3333333333334,14.0,0.0,1.0,0.0,1.0,1.0,4.0,61.0,1.0,107,11,9,30.333333333333332,17.0
A-5a184f,DevTools,DE,14.8,1,1.0,2497.5,74.0,1.0,1.0,1.0,3.0,1.0,4.333333333333333,15.333333333333334,0.3333333333333333,471,27,21,36.0,-13.5
A-7df7a7,DevTools,US,17.4,1,2.0,1755.1666666666667,85.0,1.0,1.0,1.0,3.0,3.0,4.0,28.0,1.0,677,33,4,32.333333333333336,2.5
A-1ac5e0,DevTools,US,2.4,0,0.0,1824.9,33.0,0.0,0.0,1.0,7.0,4.0,3.857142857142857,40.42857142857143,0.5714285714285714,558,31,21,20.666666666666668,-17.5
A-52dd88,Cybersecurity,US,22.3,0,1.0,1508.3636363636363,30.0,0.0,1.0,0.0,1.0,0.0,4.0,72.0,0.0,516,28,40,18.333333333333332,-6.5
A-bece89,Cybersecurity,IN,7.9,1,1.0,3477.6,28.0,0.0,0.0,1.0,4.0,2.0,4.0,32.5,0.5,114,10,97,0.0,0.0
A-029f69,Cybersecurity,CA,9.3,1,2.0,964.4285714285714,27.0,0.0,1.0,0.0,2.0,1.0,3.5,42.0,0.5,767,37,25,11.0,-6.0
A-5c046d,EdTech,FR,5.9,0,0.0,10485.75,93.0,0.0,1.0,1.0,1.0,0.0,3.0,13.0,0.0,475,27,15,14.0,16.5
A-fb186e,EdTech,IN,2.2,0,0.0,1923.6666666666667,33.0,0.0,1.0,1.0,6.0,2.0,3.8333333333333335,26.166666666666668,0.3333333333333333,207,15,65,7.0,-10.5
A-ae052e,FinTech,CA,15.1,1,2.0,1538.6,40.0,1.0,1.0,0.0,4.0,2.0,4.0,31.25,0.5,300,24,13,9.0,0.5
A-9f9299,FinTech,US,13.2,1,0.0,3451.6363636363635,32.0,0.0,1.0,1.0,4.0,2.0,4.0,36.5,0.5,696,34,1,64.33333333333333,-1.0
A-96e141,DevTools,UK,13.4,1,0.0,2209.714285714286,40.0,0.0,1.0,1.0,5.0,3.0,4.2,32.8,0.6,291,24,59,9.0,-8.5
A-117171,HealthTech,FR,2.1,1,1.0,3270.0,45.0,1.0,1.0,0.0,5.0,2.0,3.8,29.2,0.4,201,15,13,6.333333333333333,-1.5
A-313be3,EdTech,US,4.2,1,0.0,3885.3333333333335,47.0,0.0,0.0,1.0,3.0,3.0,4.0,17.0,1.0,350,24,3,16.0,14.0
A-671f31,DevTools,US,1.2,0,1.0,5064.166666666667,82.0,1.0,1.0,1.0,7.0,5.0,4.142857142857143,33.0,0.7142857142857143,167,13,7,8.333333333333334,3.5
A-bbc346,FinTech,US,2.2,1,4.0,2778.5,50.0,1.0,1.0,1.0,3.0,1.0,4.333333333333333,45.333333333333336,0.3333333333333333,627,34,5,42.666666666666664,-7.0
A-c16101,EdTech,IN,3.4,1,2.0,1342.111111111111,53.0,1.0,1.0,1.0,4.0,4.0,4.25,28.0,1.0,551,31,10,31.666666666666668,16.0
A-50f3f7,HealthTech,US,12.4,0,2.0,2938.4666666666667,117.0,1.0,1.0,1.0,6.0,2.0,4.5,37.833333333333336,0.3333333333333333,685,30,4,43.0,-7.5
A-7da956,Cybersecurity,US,7.0,0,3.0,913.5833333333334,26.0,1.0,1.0,1.0,3.0,1.0,4.333333333333333,32.666666666666664,0.3333333333333333,543,28,10,24.0,10.5
A-019782,DevTools,FR,20.5,0,1.0,928.1111111111111,17.0,0.0,0.0,1.0,2.0,2.0,3.5,10.0,1.0,562,28,12,21.333333333333332,2.5
A-df10db,DevTools,US,13.2,1,2.0,1008.4444444444445,68.0,0.0,0.0,0.0,1.0,0.0,3.0,68.0,0.0,474,28,1,22.0,15.0
A-3932db,HealthTech,CA,14.9,0,3.0,1565.2222222222222,58.0,1.0,1.0,1.0,6.0,3.0,4.166666666666667,41.0,0.5,434,28,11,33.0,3.0
A-4f18f0,DevTools,CA,7.4,1,1.0,2709.818181818182,59.0,1.0,0.0,1.0,5.0,2.0,4.0,39.2,0.4,525,32,6,10.0,7.0
A-4c6f11,FinTech,CA,10.7,1,1.0,1517.2,35.0,1.0,1.0,0.0,3.0,3.0,4.333333333333333,44.666666666666664,1.0,220,17,50,3.6666666666666665,0.0
A-8ae05d,FinTech,IN,4.8,1,0.0,1225.5,86.0,0.0,0.0,0.0,1.0,1.0,4.0,47.0,1.0,156,14,9,3.6666666666666665,5.5
A-b78bf8,DevTools,US,0.7,1,0.0,2359.5,33.0,0.0,1.0,0.0,4.0,2.0,4.5,18.0,0.5,405,24,4,13.666666666666666,4.0
A-eafc6e,DevTools,US,17.2,1,0.0,2318.4285714285716,76.0,0.0,1.0,0.0,1.0,0.0,4.0,64.0,0.0,300,23,12,14.0,-5.5
A-37f969,HealthTech,IN,14.0,1,2.0,2869.875,51.0,0.0,1.0,1.0,5.0,2.0,3.8,22.2,0.4,291,24,71,3.6666666666666665,-5.5
A-10b8f2,HealthTech,DE,16.8,1,0.0,2836.7,103.0,0.0,1.0,0.0,3.0,1.0,4.333333333333333,46.333333333333336,0.3333333333333333,368,21,63,12.666666666666666,-19.0
A-439b2f,DevTools,US,8.9,1,0.0,104.4,22.0,0.0,1.0,0.0,2.0,1.0,4.0,17.5,0.5,153,13,108,0.0,0.0
A-544d0a,DevTools,US,8.0,0,3.0,1849.2,64.0,1.0,0.0,1.0,2.0,1.0,4.0,38.5,0.5,510,27,14,31.333333333333332,5.0
A-ba6516,FinTech,US,4.6,1,1.0,1962.0,55.0,0.0,0.0,0.0,2.0,0.0,4.5,37.5,0.0,385,20,12,34.333333333333336,3.0
A-712426,HealthTech,US,1.4,1,2.0,842.3076923076923,119.0,0.0,1.0,0.0,6.0,2.0,4.333333333333333,37.333333333333336,0.3333333333333333,684,32,37,19.666666666666668,-9.5
A-038089,DevTools,FR,12.2,1,0.0,1004.5,36.0,0.0,1.0,0.0,6.0,2.0,3.8333333333333335,30.166666666666668,0.3333333333333333,210,15,27,3.0,4.5
A-afa505,DevTools,US,2.2,1,0.0,1715.0,70.0,0.0,0.0,0.0,2.0,0.0,3.5,36.5,0.0,299,24,3,19.666666666666668,-2.5
A-d5a319,FinTech,US,20.0,0,5.0,3153.9166666666665,70.0,1.0,1.0,1.0,1.0,0.0,4.0,17.0,0.0,604,32,12,38.0,-3.0
A-f97b9a,FinTech,US,17.8,0,1.0,2166.6363636363635,65.0,0.0,1.0,0.0,7.0,3.0,3.857142857142857,31.714285714285715,0.42857142857142855,561,29,3,29.333333333333332,-6.0
A-2f6a32,HealthTech,US,4.2,0,1.0,683.0,47.0,0.0,1.0,0.0,2.0,0.0,3.5,41.0,0.0,654,32,5,21.666666666666668,6.0
A-856b1e,FinTech,US,14.1,0,1.0,1053.5,36.0,0.0,1.0,0.0,5.0,0.0,4.0,36.0,0.0,230,17,25,16.666666666666668,-10.0
A-17939a,HealthTech,US,0.2,0,0.0,879.0,86.0,0.0,1.0,0.0,7.0,5.0,4.285714285714286,38.0,0.7142857142857143,440,25,28,13.0,-1.0
A-d27f50,Cybersecurity,UK,5.4,0,1.0,3734.5833333333335,48.0,0.0,0.0,0.0,4.0,2.0,3.75,37.5,0.5,481,29,13,19.0,-5.0
A-e36807,EdTech,AU,7.5,0,0.0,1256.9,81.0,0.0,1.0,1.0,2.0,1.0,4.5,41.0,0.5,446,27,3,29.666666666666668,-14.5
A-ff79f2,DevTools,US,8.2,0,2.0,3097.0,83.0,0.0,1.0,1.0,2.0,0.0,4.0,50.0,0.0,393,24,40,16.333333333333332,-10.0
A-5b1bcd,DevTools,US,10.7,1,1.0,8826.363636363636,73.0,0.0,0.0,0.0,2.0,1.0,4.0,62.5,0.5,684,31,3,34.0,-2.0
A-71615e,EdTech,US,1.9,1,0.0,2985.0,15.0,0.0,1.0,1.0,1.0,0.0,4.0,49.0,0.0,440,26,10,23.0,11.0
A-794a0b,HealthTech,DE,15.3,1,0.0,1510.7142857142858,35.0,0.0,1.0,1.0,0.0,0.0,4.0,36.0,0.0,232,22,17,10.0,11.0
A-86902e,HealthTech,IN,19.2,1,2.0,3252.777777777778,61.0,0.0,1.0,0.0,9.0,4.0,3.7777777777777777,40.888888888888886,0.4444444444444444,611,31,3,42.333333333333336,-17.0
A-0532a9,FinTech,IN,0.5,1,1.0,551.0,19.0,1.0,0.0,0.0,7.0,1.0,3.857142857142857,31.285714285714285,0.14285714285714285,436,27,7,28.666666666666668,13.5
A-9779ad,Cybersecurity,AU,4.4,1,0.0,6368.0,40.0,0.0,1.0,1.0,1.0,1.0,4.0,9.0,1.0,330,24,18,10.666666666666666,-6.5
A-f45426,HealthTech,US,3.3,1,2.0,980.1428571428571,57.0,1.0,0.0,0.0,3.0,2.0,4.0,17.0,0.6666666666666666,554,30,10,34.333333333333336,12.0
A-c1e51e,FinTech,US,2.6,1,1.0,2255.285714285714,55.0,1.0,1.0,0.0,5.0,5.0,3.2,40.0,1.0,513,28,5,20.0,-12.0
A-fa3095,FinTech,US,3.6,1,0.0,7822.5,70.0,0.0,1.0,1.0,2.0,2.0,4.5,59.0,1.0,334,24,47,14.666666666666666,-12.0
A-ad64c6,DevTools,UK,5.2,1,0.0,2653.3333333333335,54.0,0.0,1.0,0.0,2.0,1.0,4.5,36.0,0.5,186,14,34,11.666666666666666,-4.5
A-39b19f,FinTech,US,1.2,1,1.0,980.0,24.0,1.0,1.0,0.0,0.0,0.0,4.0,36.0,0.0,68,6,6,22.666666666666668,2.0
A-56962b,EdTech,UK,4.6,1,0.0,0.0,163.0,0.0,0.0,0.0,4.0,1.0,3.75,37.5,0.25,196,16,53,6.666666666666667,-5.0
A-e60f9d,FinTech,US,4.2,0,2.0,3387.8,60.0,1.0,1.0,0.0,2.0,2.0,4.0,70.5,1.0,629,30,64,20.666666666666668,-31.0
A-88c6ca,FinTech,DE,2.2,0,0.0,921.2857142857143,49.0,0.0,1.0,0.0,1.0,1.0,4.0,56.0,1.0,446,27,5,19.333333333333332,9.5
A-158f4e,FinTech,IN,21.1,1,0.0,3654.9166666666665,61.0,0.0,1.0,1.0,5.0,3.0,4.2,27.6,0.6,453,32,12,11.0,3.5
A-5b051a,Cybersecurity,US,4.9,0,0.0,583.0,22.0,0.0,1.0,0.0,1.0,1.0,3.0,2.0,1.0,171,14,25,16.333333333333332,11.5
A-296d7c,DevTools,DE,11.9,1,0.0,259.4,24.0,0.0,0.0,0.0,5.0,2.0,3.8,50.4,0.4,349,21,15,14.333333333333334,8.5
A-1619f8,DevTools,US,4.1,1,0.0,3832.0,55.0,0.0,1.0,0.0,2.0,0.0,4.5,39.5,0.0,370,22,20,29.333333333333332,-15.5
A-a1b80b,HealthTech,US,7.5,1,2.0,2660.875,52.0,0.0,1.0,0.0,3.0,1.0,3.6666666666666665,42.666666666666664,0.3333333333333333,521,29,1,22.0,-2.5
A-139c3b,HealthTech,US,1.3,0,1.0,1128.375,41.0,0.0,1.0,0.0,9.0,4.0,4.222222222222222,28.444444444444443,0.4444444444444444,478,27,3,31.333333333333332,2.5
A-702032,HealthTech,US,8.4,1,0.0,5572.0,28.0,0.0,1.0,1.0,2.0,0.0,3.5,44.0,0.0,221,17,21,21.333333333333332,-7.0
A-7a0d69,DevTools,DE,6.5,1,2.0,942.0,40.0,0.0,1.0,1.0,2.0,2.0,4.5,29.0,1.0,606,31,6,30.0,-1.5
A-22d9d2,DevTools,FR,6.9,1,1.0,862.3636363636364,58.0,0.0,1.0,0.0,6.0,4.0,4.0,16.0,0.6666666666666666,678,34,6,33.333333333333336,-14.5
A-b9eed8,Cybersecurity,US,2.0,1,0.0,2985.0,15.0,0.0,0.0,1.0,4.0,1.0,3.75,30.75,0.25,391,24,12,26.666666666666668,0.0
A-dfbd31,DevTools,UK,12.5,1,2.0,1791.357142857143,62.0,1.0,1.0,0.0,6.0,3.0,4.166666666666667,29.666666666666668,0.5,599,27,5,27.333333333333332,-20.5
A-8e47ca,HealthTech,US,10.5,1,1.0,3124.4444444444443,31.0,0.0,1.0,1.0,5.0,3.0,4.0,33.4,0.6,441,29,27,10.0,2.0
A-4437e4,Cybersecurity,US,9.2,1,1.0,748.7142857142857,49.0,0.0,1.0,1.0,3.0,2.0,3.6666666666666665,50.333333333333336,0.6666666666666666,616,35,2,39.0,0.0
A-779e4e,HealthTech,US,24.0,0,3.0,2808.1,98.0,1.0,1.0,0.0,5.0,4.0,4.0,26.6,0.8,393,28,12,9.333333333333334,-6.0
A-53f4e3,Cybersecurity,UK,5.7,1,0.0,1516.7777777777778,93.0,0.0,1.0,1.0,5.0,5.0,4.0,28.6,1.0,403,28,1,24.0,-8.5
A-692f18,EdTech,US,8.9,1,3.0,1797.0588235294117,50.0,1.0,1.0,1.0,2.0,1.0,4.5,37.5,0.5,858,36,4,31.666666666666668,-3.5
A-13466a,DevTools,AU,5.9,1,0.0,3999.0,40.0,0.0,1.0,1.0,2.0,2.0,5.0,13.0,1.0,145,13,13,12.0,-8.5
A-1986ca,HealthTech,IN,23.1,0,1.0,3951.5714285714284,31.0,0.0,0.0,1.0,7.0,5.0,3.5714285714285716,36.57142857142857,0.7142857142857143,362,26,39,12.333333333333334,-5.5
A-0cc442,EdTech,US,3.2,1,4.0,3507.0,97.0,1.0,0.0,0.0,3.0,1.0,3.6666666666666665,37.0,0.3333333333333333,703,34,2,35.666666666666664,0.5
A-c608c8,DevTools,DE,13.3,1,2.0,1240.2,58.0,1.0,0.0,0.0,1.0,0.0,3.0,60.0,0.0,318,23,1,20.666666666666668,8.0
A-3be56b,HealthTech,IN,7.8,1,2.0,1162.625,62.0,1.0,1.0,1.0,4.0,0.0,3.5,40.25,0.0,404,26,10,40.666666666666664,3.0
A-354f12,FinTech,US,4.7,1,1.0,3482.5,34.0,1.0,1.0,1.0,2.0,0.0,4.0,56.5,0.0,91,7,85,1.3333333333333333,-2.0
A-68f37c,HealthTech,US,17.1,1,3.0,2689.1666666666665,121.0,0.0,1.0,1.0,5.0,2.0,4.0,20.2,0.4,624,30,2,22.333333333333332,17.5
A-aa9511,DevTools,US,0.2,1,0.0,1127.0,23.0,0.0,1.0,0.0,2.0,2.0,4.0,56.5,1.0,252,18,7,41.666666666666664,-9.5
A-af0cd2,Cybersecurity,IN,9.7,1,1.0,583.5714285714286,30.0,0.0,1.0,0.0,1.0,0.0,4.0,58.0,0.0,281,18,7,35.0,6.0
A-bd4513,DevTools,AU,1.1,1,1.0,5750.666666666667,66.0,0.0,1.0,0.0,2.0,0.0,4.5,58.0,0.0,488,27,20,25.0,-1.0
A-c222ab,Cybersecurity,US,4.9,1,0.0,3168.0,32.0,0.0,1.0,1.0,1.0,1.0,4.0,37.0,1.0,350,22,7,12.666666666666666,0.5
A-34d880,Cybersecurity,AU,8.3,1,0.0,2329.3333333333335,53.0,0.0,1.0,1.0,5.0,1.0,3.0,52.2,0.2,474,29,7,21.0,-13.0
A-508199,FinTech,AU,11.1,0,0.0,1687.2,27.0,0.0,1.0,1.0,3.0,1.0,3.6666666666666665,50.666666666666664,0.3333333333333333,231,16,39,16.0,-10.5
A-f03140,DevTools,IN,10.4,1,1.0,1962.75,38.0,1.0,1.0,1.0,7.0,3.0,3.857142857142857,36.0,0.42857142857142855,518,29,8,20.333333333333332,-3.5
A-410e86,FinTech,US,1.7,0,0.0,2280.0,33.0,0.0,0.0,1.0,5.0,1.0,3.8,42.6,0.2,292,22,5,9.0,-2.5
A-fa2041,HealthTech,US,1.5,1,0.0,1274.0,52.0,0.0,1.0,0.0,1.0,0.0,3.0,16.0,0.0,441,30,3,30.333333333333332,1.5
A-de58ca,HealthTech,DE,20.7,0,0.0,2173.181818181818,105.0,0.0,1.0,1.0,5.0,1.0,3.6,30.6,0.2,505,28,11,14.0,1.0
A-05d3b3,DevTools,AU,15.4,1,0.0,865.8,55.0,0.0,0.0,0.0,5.0,2.0,4.2,25.0,0.4,533,29,13,27.0,1.5
A-249769,Cybersecurity,US,7.7,1,0.0,1209.0,56.0,0.0,1.0,0.0,2.0,1.0,4.0,39.5,0.5,633,31,8,25.666666666666668,-12.0
A-e43bf7,Cybersecurity,AU,3.0,1,1.0,8756.0,44.0,0.0,0.0,1.0,0.0,0.0,4.0,36.0,0.0,125,13,11,20.333333333333332,-3.0
A-eb2fdc,DevTools,AU,6.1,1,0.0,2759.4,47.0,0.0,1.0,0.0,5.0,0.0,4.4,33.6,0.0,363,25,30,12.666666666666666,-13.0
A-e1462e,FinTech,UK,20.8,1,2.0,1718.5714285714287,46.0,1.0,0.0,0.0,2.0,2.0,3.5,39.5,1.0,347,26,25,12.333333333333334,-3.0
A-cab532,DevTools,FR,15.2,1,2.0,1311.6,58.0,1.0,1.0,0.0,1.0,0.0,4.0,32.0,0.0,748,34,4,31.333333333333332,-24.5
A-9123ac,Cybersecurity,DE,16.1,1,1.0,2107.285714285714,42.0,1.0,1.0,1.0,4.0,2.0,4.5,33.25,0.5,333,27,1,13.0,15.0
A-6e08f3,Cybersecurity,US,11.4,1,0.0,0.0,24.0,0.0,1.0,1.0,1.0,1.0,3.0,26.0,1.0,273,19,9,37.666666666666664,2.5
A-d922bf,HealthTech,US,14.9,1,0.0,2553.8333333333335,32.0,0.0,1.0,1.0,7.0,2.0,3.7142857142857144,39.142857142857146,0.2857142857142857,405,24,2,18.666666666666668,-11.5
A-8ed5dd,EdTech,UK,16.2,1,3.0,1061.0,46.0,0.0,1.0,0.0,5.0,3.0,4.0,33.2,0.6,506,28,27,24.333333333333332,-15.0
A-7c6b6b,FinTech,US,0.3,1,0.0,1274.0,26.0,0.0,1.0,0.0,5.0,2.0,4.2,52.2,0.4,311,22,2,11.666666666666666,-4.0
A-3c1a3f,DevTools,UK,16.2,0,1.0,1242.4166666666667,82.0,1.0,0.0,0.0,4.0,1.0,3.75,33.25,0.25,497,31,12,23.666666666666668,-8.5
A-b48f73,EdTech,AU,1.6,0,0.0,4045.714285714286,80.0,0.0,0.0,0.0,3.0,2.0,4.0,28.666666666666668,0.6666666666666666,412,24,37,7.666666666666667,-6.5
A-76fa4d,HealthTech,US,0.3,1,0.0,10281.0,69.0,0.0,1.0,0.0,4.0,2.0,4.5,27.0,0.5,351,21,1,18.666666666666668,23.0
A-b2af2e,Cybersecurity,UK,2.7,1,0.0,695.3333333333334,18.0,0.0,1.0,1.0,2.0,0.0,4.0,39.5,0.0,174,14,3,10.0,9.0
A-9bfc9f,DevTools,CA,15.6,0,5.0,1704.6666666666667,60.0,1.0,1.0,0.0,6.0,3.0,3.6666666666666665,35.333333333333336,0.5,376,23,24,6.333333333333333,-3.5
A-4ae22a,EdTech,US,2.4,1,0.0,5572.0,28.0,0.0,0.0,1.0,2.0,0.0,3.5,17.0,0.0,270,21,69,4.0,-6.0
A-fda07f,Cybersecurity,FR,1.1,1,1.0,2985.0,16.0,0.0,1.0,1.0,5.0,3.0,4.0,17.8,0.6,596,30,1,39.666666666666664,-2.5
A-de24d5,DevTools,US,1.9,0,0.0,1640.5384615384614,77.0,0.0,0.0,0.0,7.0,3.0,3.7142857142857144,43.142857142857146,0.42857142857142855,537,29,40,19.0,-12.5
A-977ca0,HealthTech,IN,22.4,0,1.0,1878.4375,92.0,0.0,1.0,0.0,3.0,2.0,4.0,64.0,0.6666666666666666,893,38,8,52.666666666666664,-6.5
A-ab438f,Cybersecurity,US,2.6,1,1.0,2626.8,64.0,0.0,0.0,1.0,2.0,2.0,3.5,33.5,1.0,362,25,26,10.666666666666666,2.0
A-e89151,FinTech,UK,15.6,0,3.0,2414.8888888888887,44.0,0.0,1.0,1.0,2.0,0.0,4.5,41.5,0.0,601,30,2,26.333333333333332,16.0
A-40906c,EdTech,US,9.2,0,0.0,5366.666666666667,92.0,0.0,1.0,0.0,5.0,1.0,3.8,29.2,0.2,685,32,29,24.333333333333332,-4.0
A-81edc3,Cybersecurity,IN,13.6,1,2.0,1502.6363636363637,44.0,0.0,0.0,1.0,3.0,3.0,4.0,52.666666666666664,1.0,720,32,6,41.666666666666664,14.5
A-328bd0,HealthTech,AU,19.6,0,2.0,1229.1538461538462,39.0,1.0,1.0,0.0,5.0,2.0,3.8,46.0,0.4,568,30,8,24.666666666666668,-4.0
A-b3fe05,Cybersecurity,CA,7.2,0,0.0,2721.5555555555557,55.0,0.0,0.0,0.0,4.0,4.0,3.5,48.25,1.0,438,29,3,10.0,1.0
A-09540c,Cybersecurity,CA,4.2,1,0.0,0.0,0.0,0.0,0.0,0.0,2.0,1.0,4.5,28.0,0.5,171,14,19,2.6666666666666665,4.0
A-e693b6,FinTech,AU,16.6,1,1.0,2110.0,55.0,0.0,1.0,0.0,1.0,1.0,3.0,1.0,1.0,638,28,31,10.333333333333334,-8.0
A-2446e3,EdTech,IN,6.6,1,1.0,2673.0,27.0,1.0,1.0,0.0,2.0,1.0,4.0,39.0,0.5,361,26,2,25.0,-15.0
A-241e75,EdTech,US,5.6,1,1.0,718.8,46.0,1.0,1.0,0.0,4.0,1.0,4.25,31.5,0.25,266,17,6,16.666666666666668,6.0
A-922109,Cybersecurity,US,10.7,1,0.0,1086.0,72.0,0.0,1.0,0.0,3.0,1.0,3.6666666666666665,25.333333333333332,0.3333333333333333,806,35,6,36.0,-5.0
A-ff3c73,HealthTech,AU,15.4,1,0.0,536.4,66.0,0.0,1.0,1.0,2.0,1.0,3.5,35.5,0.5,245,24,7,8.0,2.0
A-8b0451,FinTech,UK,3.4,1,0.0,3170.9,43.0,0.0,1.0,1.0,7.0,5.0,3.7142857142857144,26.571428571428573,0.7142857142857143,599,31,15,17.333333333333332,-0.5
A-331424,DevTools,US,3.5,1,0.0,799.3333333333334,11.0,0.0,0.0,0.0,2.0,0.0,4.0,24.5,0.0,109,10,22,5.666666666666667,8.5
A-51ec1b,DevTools,US,1.0,1,0.0,0.0,0.0,0.0,0.0,0.0,2.0,1.0,5.0,43.0,0.5,145,11,4,11.666666666666666,0.5
A-bcf664,DevTools,US,16.6,1,0.0,912.0,59.0,0.0,1.0,0.0,4.0,3.0,4.0,44.5,0.75,486,29,2,25.666666666666668,-2.0
A-90a8c8,FinTech,AU,0.2,1,0.0,1568.0,32.0,0.0,1.0,0.0,4.0,2.0,3.25,45.0,0.5,332,20,16,10.333333333333334,10.5
A-86cdb4,DevTools,DE,3.3,0,0.0,394.55555555555554,52.0,0.0,1.0,0.0,5.0,4.0,4.2,26.4,0.8,492,27,24,40.333333333333336,-7.5
A-4bfa33,Cybersecurity,US,0.7,1,0.0,800.8571428571429,72.0,0.0,1.0,1.0,4.0,3.0,3.75,16.5,0.75,329,23,2,28.333333333333332,20.5
A-dbc825,EdTech,FR,0.9,1,1.0,3781.0,19.0,0.0,0.0,1.0,2.0,2.0,3.5,62.5,1.0,381,23,8,35.333333333333336,-27.0
A-c70870,Cybersecurity,US,1.7,1,1.0,294.5,31.0,0.0,1.0,0.0,5.0,1.0,4.0,35.6,0.2,301,20,27,11.333333333333334,-2.5
A-7c4956,DevTools,US,19.9,0,0.0,426.125,51.0,0.0,1.0,0.0,3.0,2.0,4.0,13.666666666666666,0.6666666666666666,475,27,6,25.0,-7.0
A-0651a4,HealthTech,FR,2.3,1,0.0,2259.214285714286,60.0,0.0,0.0,0.0,4.0,4.0,4.0,29.25,1.0,705,34,9,47.333333333333336,-12.0
A-3ce5b8,FinTech,IN,12.4,1,0.0,2749.6666666666665,189.0,0.0,1.0,1.0,8.0,5.0,4.0,38.5,0.625,447,27,4,18.0,4.0
A-bd4708,FinTech,US,5.4,0,1.0,2998.076923076923,69.0,0.0,1.0,1.0,4.0,2.0,3.75,24.0,0.5,653,33,2,31.0,-4.0
A-993085,HealthTech,US,7.7,1,2.0,4166.875,49.0,1.0,1.0,0.0,0.0,0.0,4.0,36.0,0.0,381,24,4,17.333333333333332,-0.5
A-92a3af,Cybersecurity,IN,5.8,0,2.0,3139.818181818182,77.0,1.0,1.0,0.0,4.0,1.0,4.0,57.5,0.25,714,35,14,39.0,-17.0
A-151c9a,FinTech,US,9.2,1,1.0,1274.0,29.0,1.0,1.0,0.0,0.0,0.0,4.0,36.0,0.0,131,12,16,20.666666666666668,3.0
A-474ad4,EdTech,US,13.1,0,2.0,808.3333333333334,53.0,1.0,0.0,1.0,3.0,1.0,4.333333333333333,33.0,0.3333333333333333,605,34,21,25.666666666666668,-7.5
A-4ef964,HealthTech,US,3.4,1,0.0,1683.0,17.0,0.0,1.0,0.0,2.0,1.0,3.5,31.5,0.5,276,25,23,21.333333333333332,-10.5
A-fd9422,Cybersecurity,US,8.9,0,2.0,3125.5555555555557,58.0,1.0,1.0,0.0,6.0,3.0,3.5,44.333333333333336,0.5,456,27,2,25.666666666666668,14.0
A-0baac2,FinTech,DE,6.8,1,0.0,3083.3333333333335,33.0,0.0,1.0,1.0,6.0,4.0,4.166666666666667,43.5,0.6666666666666666,202,19,54,7.666666666666667,-8.0
A-bb1486,HealthTech,US,0.6,1,1.0,2482.6666666666665,69.0,1.0,1.0,0.0,3.0,2.0,3.6666666666666665,11.0,0.6666666666666666,385,24,34,12.0,-12.0
A-560d27,DevTools,US,7.9,0,1.0,3470.0833333333335,71.0,0.0,1.0,0.0,4.0,0.0,3.75,30.75,0.0,587,27,65,14.0,-21.0
A-0b0d6d,DevTools,US,0.0,1,0.0,1800.4,36.0,0.0,1.0,1.0,5.0,3.0,4.0,31.4,0.6,582,32,5,22.333333333333332,-0.5
A-2789e3,FinTech,US,3.6,0,2.0,2040.75,61.0,1.0,1.0,0.0,4.0,0.0,4.0,47.25,0.0,680,33,1,42.666666666666664,-20.0
A-b07346,HealthTech,US,1.1,1,0.0,969.0,51.0,0.0,1.0,0.0,2.0,1.0,4.0,61.0,0.5,318,22,111,0.0,0.0
A-902ef7,HealthTech,US,0.8,1,0.0,4067.0,83.0,0.0,1.0,0.0,2.0,2.0,4.0,48.5,1.0,369,28,3,20.0,12.5
A-20736a,EdTech,IN,0.1,1,0.0,0.0,0.0,0.0,0.0,0.0,1.0,1.0,3.0,25.0,1.0,298,17,6,46.0,-22.5
A-e4bf56,HealthTech,IN,2.1,0,1.0,2703.714285714286,37.0,1.0,1.0,1.0,8.0,6.0,3.75,29.125,0.75,339,25,9,23.666666666666668,-3.0
A-cea1f0,FinTech,US,8.8,0,2.0,1224.4,30.0,1.0,0.0,1.0,5.0,3.0,4.2,42.2,0.6,586,28,9,32.333333333333336,8.0
A-ef84cf,EdTech,US,8.7,1,1.0,1501.4,34.0,1.0,1.0,0.0,5.0,2.0,4.2,34.8,0.4,282,20,10,12.666666666666666,-0.5
A-d49cc5,Cybersecurity,FR,6.8,1,0.0,1700.0,50.0,0.0,1.0,0.0,0.0,0.0,4.0,36.0,0.0,330,22,21,11.333333333333334,4.0
A-67be94,EdTech,US,14.9,1,0.0,3442.6666666666665,62.0,0.0,1.0,1.0,3.0,3.0,4.333333333333333,38.333333333333336,1.0,283,21,9,11.333333333333334,3.5
A-4e960a,FinTech,US,11.5,0,1.0,1995.1666666666667,71.0,1.0,1.0,0.0,6.0,3.0,4.0,29.166666666666668,0.5,512,29,4,32.666666666666664,-2.5
A-c37cab,Cybersecurity,UK,3.6,1,2.0,3123.5555555555557,98.0,1.0,1.0,0.0,4.0,2.0,3.75,33.0,0.5,657,32,4,33.333333333333336,-2.5
A-533452,DevTools,AU,1.1,1,1.0,2214.25,101.0,1.0,1.0,0.0,4.0,2.0,4.0,32.75,0.5,595,32,1,18.333333333333332,17.0
A-443b7c,Cybersecurity,US,3.8,0,4.0,1503.875,84.0,0.0,1.0,0.0,8.0,6.0,4.25,29.25,0.75,618,28,5,31.333333333333332,-0.5
A-1f7acb,FinTech,UK,16.9,0,4.0,5864.0,64.0,1.0,1.0,1.0,7.0,4.0,4.285714285714286,41.714285714285715,0.5714285714285714,510,26,19,10.666666666666666,-1.0
A-f51f16,HealthTech,US,11.4,1,2.0,1663.75,60.0,0.0,1.0,0.0,4.0,3.0,3.5,29.25,0.75,376,24,26,13.0,1.5
A-5a3eb9,DevTools,CA,9.8,1,1.0,1570.6666666666667,65.0,1.0,1.0,1.0,3.0,2.0,4.0,24.0,0.6666666666666666,566,28,5,27.0,4.0
A-5f2961,HealthTech,US,0.2,1,0.0,1393.0,7.0,0.0,1.0,1.0,1.0,1.0,4.0,53.0,1.0,348,22,24,10.666666666666666,-2.5
A-417d2f,Cybersecurity,IN,17.9,1,1.0,1433.3125,51.0,0.0,1.0,0.0,6.0,4.0,4.166666666666667,43.5,0.6666666666666666,722,37,19,24.0,-4.5
A-e98302,EdTech,US,12.2,0,0.0,2094.5,58.0,0.0,1.0,0.0,9.0,5.0,4.111111111111111,44.44444444444444,0.5555555555555556,273,21,20,10.0,-4.5
A-8bde0c,DevTools,US,1.8,1,2.0,1899.888888888889,93.0,0.0,1.0,1.0,3.0,1.0,4.0,25.666666666666668,0.3333333333333333,773,34,24,15.666666666666666,-11.0
A-bcf87c,FinTech,US,6.2,0,1.0,1979.090909090909,51.0,1.0,1.0,1.0,2.0,0.0,4.0,63.0,0.0,503,26,18,25.666666666666668,-7.0
A-54ecc2,Cybersecurity,US,17.4,1,1.0,1469.8181818181818,34.0,1.0,1.0,1.0,5.0,2.0,4.4,37.4,0.4,563,27,4,13.333333333333334,-7.0
A-625d0b,EdTech,AU,4.0,0,0.0,1081.1818181818182,42.0,0.0,1.0,1.0,5.0,3.0,3.8,48.4,0.6,529,32,23,29.0,13.5
A-fce879,EdTech,UK,2.3,1,1.0,1599.5,45.0,1.0,1.0,1.0,2.0,1.0,4.0,28.0,0.5,299,25,3,19.333333333333332,3.0
A-b07b56,DevTools,US,1.5,1,0.0,1132.2666666666667,34.0,0.0,1.0,0.0,4.0,4.0,3.75,31.25,1.0,609,32,3,17.666666666666668,13.5
A-6da850,FinTech,IN,12.6,1,4.0,1388.6923076923076,37.0,1.0,1.0,0.0,3.0,2.0,4.0,50.666666666666664,0.6666666666666666,683,30,29,26.666666666666668,-13.5
A-342303,EdTech,US,0.1,1,0.0,0.0,0.0,0.0,0.0,0.0,3.0,2.0,4.333333333333333,29.333333333333332,0.6666666666666666,87,8,108,0.0,0.0
A-e7a1e2,Cybersecurity,US,5.6,1,0.0,1109.6,33.0,0.0,1.0,1.0,1.0,0.0,4.0,45.0,0.0,686,34,1,33.0,17.5
A-f1f639,EdTech,US,13.3,1,1.0,376.0,5.0,0.0,1.0,0.0,3.0,1.0,4.333333333333333,12.333333333333334,0.3333333333333333,90,8,160,0.0,0.0
A-a865bd,Cybersecurity,US,5.9,1,0.0,1862.0,38.0,0.0,1.0,0.0,0.0,0.0,4.0,36.0,0.0,143,14,41,7.666666666666667,-2.0
A-4e631b,FinTech,US,9.6,0,2.0,2218.0,40.0,1.0,1.0,0.0,2.0,1.0,4.0,24.5,0.5,502,32,13,25.666666666666668,-6.5
A-7f6b86,HealthTech,US,10.5,1,3.0,1134.3333333333333,59.0,0.0,1.0,0.0,3.0,2.0,3.6666666666666665,42.666666666666664,0.6666666666666666,335,22,4,19.333333333333332,14.0
A-8adedc,EdTech,US,10.7,0,0.0,2023.4285714285713,79.0,0.0,1.0,0.0,4.0,1.0,4.0,49.25,0.25,583,32,1,12.333333333333334,15.0
A-2edab2,HealthTech,US,7.2,1,0.0,1088.0,17.0,0.0,1.0,1.0,3.0,1.0,3.6666666666666665,36.0,0.3333333333333333,380,21,3,40.0,-1.5
A-149a69,DevTools,US,1.6,1,0.0,0.0,0.0,0.0,0.0,0.0,8.0,5.0,4.125,33.875,0.625,208,18,109,0.0,0.0
A-a6d261,FinTech,CA,3.4,1,1.0,1292.5,28.0,0.0,1.0,1.0,2.0,1.0,5.0,31.5,0.5,388,28,1,35.0,8.5
A-443f6f,Cybersecurity,US,0.8,0,1.0,1510.4444444444443,38.0,0.0,1.0,0.0,4.0,2.0,4.5,28.0,0.5,527,31,6,25.333333333333332,4.0
A-202b67,HealthTech,US,5.8,1,1.0,1549.625,61.0,0.0,1.0,0.0,4.0,3.0,4.5,36.75,0.75,354,27,2,19.666666666666668,-2.0
A-00bed1,Cybersecurity,US,1.6,1,1.0,1159.0,61.0,0.0,1.0,0.0,2.0,2.0,4.0,36.0,1.0,236,22,14,25.0,2.0
A-ffc04f,EdTech,US,1.9,1,0.0,2641.0,55.0,0.0,0.0,0.0,7.0,3.0,4.285714285714286,17.714285714285715,0.42857142857142855,653,32,1,42.0,-16.0
A-65c341,FinTech,US,11.7,1,0.0,3818.25,84.0,0.0,1.0,0.0,5.0,4.0,4.0,41.4,0.8,397,25,91,0.0,0.0
A-dcc2f0,FinTech,UK,8.6,1,1.0,1465.875,25.0,0.0,1.0,0.0,1.0,0.0,4.0,2.0,0.0,550,32,6,56.0,-30.5
A-ced9aa,DevTools,US,2.9,0,0.0,568.3636363636364,22.0,0.0,1.0,0.0,7.0,2.0,3.857142857142857,28.857142857142858,0.2857142857142857,531,33,26,13.666666666666666,-8.0
A-3d957b,HealthTech,UK,1.0,1,0.0,0.0,0.0,0.0,0.0,0.0,3.0,3.0,3.6666666666666665,41.333333333333336,1.0,115,11,25,6.333333333333333,-2.5
A-89ee83,Cybersecurity,US,2.9,0,3.0,2264.2727272727275,74.0,0.0,1.0,1.0,5.0,2.0,4.0,21.8,0.4,565,28,15,31.0,-4.5
A-883b7d,Cybersecurity,IN,9.2,0,0.0,2543.6666666666665,78.0,0.0,1.0,1.0,7.0,5.0,3.7142857142857144,25.571428571428573,0.7142857142857143,644,35,2,36.333333333333336,8.5
A-dcc3f1,HealthTech,US,9.5,1,0.0,1554.0,51.0,0.0,1.0,1.0,9.0,6.0,3.888888888888889,35.666666666666664,0.6666666666666666,416,30,21,9.666666666666666,5.5
A-c62e55,EdTech,US,22.8,0,1.0,1322.4444444444443,56.0,0.0,1.0,0.0,4.0,2.0,4.0,27.5,0.5,337,24,20,17.666666666666668,5.0
A-e4144b,EdTech,UK,2.3,0,1.0,3542.4,79.0,0.0,1.0,1.0,3.0,2.0,4.0,57.0,0.6666666666666666,439,26,9,25.0,0.5
A-e40f45,HealthTech,US,6.7,1,3.0,1904.3333333333333,44.0,0.0,1.0,0.0,7.0,4.0,4.142857142857143,26.714285714285715,0.5714285714285714,328,24,19,5.0,3.5
A-96215d,FinTech,US,4.8,0,1.0,1718.6666666666667,21.0,0.0,0.0,0.0,1.0,1.0,3.0,25.0,1.0,347,20,26,13.666666666666666,8.0
A-2b9d3e,EdTech,US,19.0,0,1.0,571.3333333333334,29.0,0.0,1.0,1.0,3.0,2.0,4.333333333333333,34.666666666666664,0.6666666666666666,444,26,15,18.333333333333332,-12.5
A-b7724f,HealthTech,UK,17.2,1,0.0,354.6666666666667,33.0,0.0,1.0,0.0,2.0,1.0,3.5,35.5,0.5,327,26,5,39.666666666666664,5.5
A-310452,DevTools,FR,0.1,1,0.0,441.0,9.0,0.0,1.0,0.0,4.0,1.0,3.5,36.75,0.25,268,20,32,9.0,0.0
A-eb1312,FinTech,US,0.6,1,0.0,1225.0,25.0,0.0,1.0,0.0,1.0,0.0,5.0,68.0,0.0,544,29,28,27.333333333333332,-14.5
A-df1e44,Cybersecurity,UK,8.9,1,2.0,1317.111111111111,63.0,1.0,1.0,1.0,1.0,0.0,5.0,38.0,0.0,390,24,13,19.666666666666668,-0.5
A-6a7c9d,Cybersecurity,US,0.9,1,0.0,5174.0,26.0,0.0,1.0,1.0,3.0,2.0,4.0,34.333333333333336,0.6666666666666666,183,14,12,12.333333333333334,9.5
A-cbd1a3,DevTools,US,1.2,0,2.0,1635.1,37.0,0.0,1.0,0.0,4.0,1.0,4.0,34.5,0.25,465,29,11,10.666666666666666,10.5
A-a8d89d,EdTech,US,8.6,1,1.0,3390.6666666666665,78.0,0.0,1.0,0.0,2.0,0.0,4.5,44.5,0.0,470,28,5,30.333333333333332,-6.5
A-600734,DevTools,US,13.6,0,2.0,1394.7692307692307,42.0,0.0,1.0,0.0,7.0,5.0,3.857142857142857,52.57142857142857,0.7142857142857143,660,33,6,21.333333333333332,19.5
A-86fc1d,DevTools,UK,0.6,1,0.0,2744.0,56.0,0.0,1.0,0.0,4.0,4.0,4.0,29.5,1.0,281,22,14,9.666666666666666,-1.0
A-78f02b,HealthTech,US,0.7,1,1.0,3770.25,179.0,0.0,1.0,0.0,4.0,1.0,4.0,45.75,0.25,211,17,10,6.0,3.0
A-acb7f7,EdTech,US,2.5,1,0.0,4492.333333333333,39.0,0.0,1.0,0.0,3.0,1.0,3.6666666666666665,41.0,0.3333333333333333,347,25,2,25.666666666666668,3.0
A-712f1c,DevTools,US,10.3,1,2.0,3480.3,75.0,0.0,1.0,0.0,6.0,3.0,4.0,41.666666666666664,0.5,571,32,24,17.0,-12.0
A-3793ee,Cybersecurity,CA,2.9,1,0.0,0.0,0.0,0.0,0.0,0.0,0.0,0.0,4.0,36.0,0.0,68,6,37,18.333333333333332,-6.0
A-9a532a,HealthTech,US,5.9,0,0.0,2736.25,62.0,0.0,1.0,1.0,2.0,1.0,4.0,57.5,0.5,185,16,72,10.0,-15.0
A-2ebb4b,HealthTech,US,19.5,1,1.0,3068.8,65.0,0.0,1.0,0.0,2.0,1.0,3.0,43.5,0.5,488,27,14,25.0,-9.5
A-6843f2,HealthTech,CA,0.7,0,1.0,1835.5555555555557,23.0,1.0,1.0,0.0,2.0,1.0,3.0,36.5,0.5,481,24,36,19.333333333333332,-17.5
A-c9bb3e,EdTech,US,6.3,1,1.0,1430.625,123.0,0.0,0.0,0.0,5.0,4.0,4.2,34.8,0.8,457,26,7,19.666666666666668,10.5
A-4814a3,Cybersecurity,IN,2.3,1,2.0,6133.5,87.0,0.0,0.0,0.0,4.0,2.0,4.0,18.75,0.5,553,34,6,21.666666666666668,1.5
A-b7b7b7,FinTech,US,6.1,0,1.0,2379.8333333333335,67.0,0.0,1.0,0.0,3.0,0.0,4.666666666666667,17.0,0.0,571,31,20,16.666666666666668,9.5
A-ccc747,HealthTech,FR,7.7,1,2.0,865.6666666666666,37.0,0.0,0.0,0.0,4.0,1.0,4.25,32.25,0.25,264,22,5,14.333333333333334,7.5
A-bb3bd4,HealthTech,US,5.1,1,1.0,2047.0,23.0,0.0,1.0,0.0,7.0,2.0,4.142857142857143,40.0,0.2857142857142857,244,15,38,12.333333333333334,-13.5
A-09316c,FinTech,AU,2.8,1,1.0,5101.25,70.0,0.0,1.0,0.0,3.0,1.0,4.0,50.0,0.3333333333333333,527,27,5,8.666666666666666,3.0
A-96bbc6,Cybersecurity,US,7.5,1,3.0,4240.714285714285,64.0,0.0,0.0,0.0,3.0,1.0,3.3333333333333335,51.333333333333336,0.3333333333333333,471,29,5,46.666666666666664,-6.5
A-bc4d48,EdTech,US,6.7,0,1.0,1770.0,35.0,0.0,1.0,0.0,6.0,4.0,4.166666666666667,41.166666666666664,0.6666666666666666,321,24,9,7.666666666666667,1.5
A-b30291,HealthTech,US,5.0,1,0.0,870.2,18.0,0.0,1.0,0.0,1.0,1.0,4.0,16.0,1.0,412,26,3,22.666666666666668,-10.0
A-cdf020,DevTools,AU,14.8,1,2.0,2259.0,45.0,0.0,1.0,0.0,4.0,2.0,4.0,29.5,0.5,362,24,3,18.333333333333332,5.0
A-e6afc1,DevTools,US,22.2,0,0.0,2052.909090909091,85.0,0.0,0.0,0.0,0.0,0.0,4.0,36.0,0.0,679,32,16,13.666666666666666,-6.0
A-e3bd71,Cybersecurity,US,9.2,1,0.0,6169.0,31.0,0.0,0.0,1.0,3.0,2.0,4.0,35.0,0.6666666666666666,316,21,8,21.666666666666668,0.5
A-b179bf,Cybersecurity,IN,1.3,1,0.0,4278.5,43.0,0.0,1.0,1.0,6.0,4.0,4.0,24.666666666666668,0.6666666666666666,383,23,73,12.666666666666666,-19.0
A-098560,DevTools,UK,10.5,1,1.0,1329.625,35.0,0.0,1.0,1.0,1.0,1.0,3.0,1.0,1.0,473,29,1,19.666666666666668,6.5
A-82861f,DevTools,UK,0.7,1,0.0,0.0,0.0,0.0,0.0,0.0,2.0,1.0,3.5,17.5,0.5,317,21,6,5.333333333333333,8.0
A-94c3cd,FinTech,CA,15.4,0,0.0,1506.0,45.0,0.0,1.0,1.0,4.0,2.0,3.75,44.75,0.5,306,18,21,10.666666666666666,9.0
A-a33200,HealthTech,US,0.7,1,0.0,3596.0,29.0,0.0,1.0,1.0,3.0,1.0,4.333333333333333,36.333333333333336,0.3333333333333333,462,31,8,9.666666666666666,6.5
A-034368,EdTech,US,9.8,1,0.0,247.0,26.0,0.0,1.0,0.0,5.0,2.0,4.0,41.2,0.4,198,17,35,8.333333333333334,0.0
A-b54c01,DevTools,US,0.8,1,0.0,0.0,29.0,0.0,1.0,0.0,5.0,1.0,3.6,42.6,0.2,226,15,18,8.0,9.0
A-d82ef9,EdTech,UK,1.1,1,1.0,1283.0,58.0,0.0,1.0,0.0,3.0,2.0,4.333333333333333,41.666666666666664,0.6666666666666666,491,27,6,46.333333333333336,-4.5
A-bb2f49,Cybersecurity,US,19.2,0,3.0,2180.909090909091,85.0,1.0,0.0,0.0,3.0,2.0,4.0,22.333333333333332,0.6666666666666666,618,31,2,15.666666666666666,11.5
A-1f559b,HealthTech,US,12.8,1,1.0,1285.111111111111,59.0,1.0,1.0,0.0,4.0,3.0,4.0,52.5,0.75,334,27,31,15.333333333333334,-11.0
A-5a215a,EdTech,FR,11.9,0,2.0,7230.666666666667,87.0,0.0,1.0,0.0,4.0,2.0,4.0,29.5,0.5,807,32,8,32.666666666666664,-7.0
A-3f9cc0,HealthTech,US,6.6,1,3.0,2848.5714285714284,30.0,1.0,1.0,1.0,5.0,3.0,4.2,34.8,0.6,407,25,1,12.0,0.0
A-f9cc74,DevTools,FR,2.7,0,1.0,1555.7,53.0,0.0,1.0,0.0,6.0,0.0,4.0,49.833333333333336,0.0,484,30,1,20.666666666666668,-6.0
A-ed510f,Cybersecurity,IN,3.5,1,0.0,1029.0,42.0,0.0,1.0,1.0,3.0,2.0,4.0,46.666666666666664,0.6666666666666666,67,6,10,16.666666666666668,13.0
A-5c9849,EdTech,IN,0.3,1,0.0,532.0,65.0,0.0,1.0,0.0,4.0,2.0,4.0,59.5,0.5,463,30,1,2.0,3.0
A-a7bd4b,Cybersecurity,US,20.0,1,2.0,569.8181818181819,51.0,0.0,1.0,0.0,5.0,4.0,3.6,36.2,0.8,504,28,24,28.0,-13.0
A-d4ac0e,DevTools,UK,8.4,0,3.0,1450.3684210526317,156.0,0.0,1.0,0.0,4.0,2.0,3.75,21.0,0.5,793,38,6,34.333333333333336,-14.0
A-ffdfd5,EdTech,US,3.8,1,0.0,469.0,21.0,0.0,1.0,0.0,0.0,0.0,4.0,36.0,0.0,390,26,37,25.0,-15.0
A-0dbdc6,Cybersecurity,DE,14.0,1,0.0,380.0,30.0,0.0,1.0,0.0,3.0,0.0,4.0,42.666666666666664,0.0,346,27,47,30.0,-36.5
A-7cfe77,DevTools,US,5.3,1,2.0,2553.0,69.0,1.0,1.0,0.0,7.0,3.0,3.7142857142857144,30.714285714285715,0.42857142857142855,198,15,65,8.333333333333334,-12.5
A-1f0636,EdTech,AU,12.0,0,3.0,8610.0,105.0,0.0,0.0,1.0,2.0,2.0,3.5,38.5,1.0,685,32,3,39.333333333333336,-8.0
A-40de06,Cybersecurity,US,19.8,0,3.0,1803.875,62.0,1.0,1.0,0.0,3.0,1.0,4.0,40.333333333333336,0.3333333333333333,902,37,15,48.666666666666664,6.5
A-cb5333,DevTools,US,4.5,1,1.0,1259.4,51.0,1.0,1.0,0.0,4.0,2.0,3.75,30.75,0.5,652,35,8,46.333333333333336,-10.0
A-309e54,DevTools,US,0.2,1,0.0,0.0,46.0,0.0,1.0,1.0,5.0,3.0,3.8,23.8,0.6,501,27,18,19.0,9.0
A-6e7827,DevTools,US,12.5,1,3.0,252.5,9.0,0.0,1.0,1.0,0.0,0.0,4.0,36.0,0.0,258,16,11,22.666666666666668,11.5
A-50bb9f,Cybersecurity,US,2.0,1,1.0,2467.6666666666665,35.0,0.0,1.0,0.0,7.0,3.0,4.0,33.285714285714285,0.42857142857142855,255,18,35,6.0,-4.0
A-5fe118,Cybersecurity,US,1.3,1,0.0,5572.5,123.0,0.0,1.0,1.0,1.0,1.0,4.0,19.0,1.0,220,14,45,13.0,-3.5
A-5247b3,FinTech,UK,7.2,1,2.0,1115.888888888889,33.0,0.0,1.0,0.0,5.0,4.0,4.0,45.8,0.8,555,31,29,35.666666666666664,1.5
A-f44180,Cybersecurity,UK,2.5,1,0.0,2288.5,14.0,0.0,1.0,1.0,0.0,0.0,4.0,36.0,0.0,90,8,31,18.0,-16.5
A-c16cf7,EdTech,US,1.7,1,0.0,1705.5,84.0,0.0,0.0,1.0,3.0,0.0,3.6666666666666665,48.333333333333336,0.0,559,32,7,24.0,-9.0
A-d42431,FinTech,FR,4.1,1,2.0,2264.2,91.0,1.0,1.0,0.0,4.0,3.0,4.0,24.25,0.75,422,26,11,19.333333333333332,9.5
A-6965e1,DevTools,US,0.5,1,1.0,2270.25,38.0,1.0,0.0,1.0,3.0,1.0,3.6666666666666665,39.0,0.3333333333333333,615,27,3,21.0,-6.5
A-0354fe,Cybersecurity,US,1.1,1,1.0,1740.8,34.0,0.0,1.0,0.0,3.0,1.0,4.333333333333333,26.333333333333332,0.3333333333333333,414,27,10,5.0,4.5
A-0a62f5,FinTech,UK,3.5,1,0.0,1215.25,25.0,0.0,1.0,0.0,2.0,2.0,4.0,33.5,1.0,244,20,37,3.6666666666666665,0.0
A-f5641b,EdTech,US,2.6,1,2.0,4112.666666666667,31.0,1.0,0.0,0.0,2.0,2.0,3.5,29.5,1.0,345,21,30,11.666666666666666,-4.0
A-b44e3e,Cybersecurity,UK,2.0,1,1.0,15721.0,79.0,0.0,1.0,1.0,2.0,2.0,4.5,24.5,1.0,251,17,5,21.333333333333332,5.5
A-3b37d9,FinTech,US,20.5,1,2.0,2476.3333333333335,28.0,0.0,1.0,1.0,5.0,2.0,4.2,36.0,0.4,386,23,50,6.333333333333333,-6.5
A-54d94a,Cybersecurity,IN,20.1,0,2.0,1141.5454545454545,55.0,1.0,1.0,0.0,4.0,0.0,3.75,53.75,0.0,582,30,2,21.0,4.0
A-7f29a7,Cybersecurity,UK,0.7,1,0.0,519.3333333333334,41.0,0.0,0.0,0.0,1.0,1.0,4.0,24.0,1.0,570,29,15,21.0,-3.0
A-089363,FinTech,AU,6.7,1,1.0,286.0,40.0,0.0,0.0,0.0,2.0,0.0,3.5,23.0,0.0,305,21,3,33.333333333333336,3.0
A-524364,DevTools,FR,0.0,0,0.0,1592.0,108.0,0.0,1.0,1.0,3.0,2.0,4.333333333333333,47.666666666666664,0.6666666666666666,237,18,100,0.0,0.0
A-855a48,EdTech,US,7.3,1,1.0,3797.0,60.0,1.0,1.0,1.0,5.0,4.0,3.8,39.6,0.8,396,25,12,17.666666666666668,10.5
A-756192,FinTech,IN,18.7,0,1.0,2140.0,68.0,0.0,1.0,0.0,3.0,2.0,4.0,37.333333333333336,0.6666666666666666,617,32,3,19.0,-2.5
A-49b828,FinTech,IN,19.9,0,2.0,2222.0,49.0,0.0,1.0,1.0,3.0,0.0,3.6666666666666665,13.666666666666666,0.0,687,29,11,28.0,-13.5
A-c7ffc2,Cybersecurity,US,9.5,1,3.0,2932.2,132.0,0.0,1.0,1.0,1.0,0.0,4.0,63.0,0.0,277,17,26,18.666666666666668,-8.0
A-751c58,FinTech,UK,5.0,1,4.0,1634.25,45.0,0.0,1.0,0.0,5.0,0.0,4.2,39.6,0.0,562,31,10,34.333333333333336,13.5
A-72799b,DevTools,FR,5.7,1,3.0,1061.0,34.0,1.0,1.0,0.0,1.0,0.0,4.0,12.0,0.0,382,23,5,16.0,11.0
A-812c5b,DevTools,CA,2.5,1,0.0,0.0,55.0,0.0,1.0,0.0,3.0,2.0,4.0,31.333333333333332,0.6666666666666666,671,30,1,55.0,37.0
A-69b156,EdTech,US,13.4,0,2.0,1588.111111111111,28.0,1.0,0.0,0.0,7.0,4.0,4.0,32.0,0.5714285714285714,360,24,20,6.666666666666667,10.0
A-075038,HealthTech,UK,15.8,1,1.0,1393.1538461538462,103.0,0.0,0.0,1.0,1.0,1.0,3.0,50.0,1.0,597,27,7,39.333333333333336,29.0
A-940b8b,HealthTech,DE,9.5,0,2.0,1205.0,56.0,1.0,1.0,1.0,3.0,2.0,4.0,41.333333333333336,0.6666666666666666,362,23,65,3.6666666666666665,-5.5
A-2d1036,FinTech,US,4.5,1,1.0,5451.0,69.0,1.0,1.0,1.0,4.0,1.0,4.5,45.5,0.25,626,29,7,20.0,10.0
A-0f6450,FinTech,US,0.1,1,0.0,1563.3333333333333,28.0,0.0,1.0,0.0,8.0,1.0,3.875,29.75,0.125,539,31,52,9.0,-10.0
A-9affe6,Cybersecurity,US,9.7,1,1.0,1031.8,56.0,0.0,1.0,0.0,1.0,1.0,3.0,50.0,1.0,300,20,1,35.0,16.5
A-80eeb6,Cybersecurity,UK,9.1,1,2.0,4010.4,68.0,0.0,1.0,0.0,4.0,3.0,3.75,40.25,0.75,398,27,1,25.0,-11.0
A-d4e0d4,FinTech,US,2.5,0,2.0,13806.0,117.0,1.0,1.0,1.0,4.0,1.0,4.0,39.25,0.25,488,30,28,4.333333333333333,2.5
A-c7e58b,HealthTech,IN,18.3,0,0.0,769.1428571428571,16.0,0.0,1.0,0.0,5.0,2.0,3.6,30.6,0.4,343,22,43,6.333333333333333,0.0
A-016043,EdTech,CA,0.4,1,0.0,114.0,6.0,0.0,0.0,0.0,2.0,2.0,4.0,16.0,1.0,415,25,15,27.666666666666668,-6.5
A-bbe56f,HealthTech,US,22.5,0,1.0,1205.0,22.0,0.0,1.0,0.0,4.0,2.0,4.0,26.25,0.5,232,13,30,7.333333333333333,0.0
A-7c5768,HealthTech,UK,10.0,0,0.0,376.55555555555554,62.0,0.0,1.0,1.0,5.0,4.0,4.0,28.8,0.8,461,27,30,15.333333333333334,-11.0
A-751bd4,Cybersecurity,UK,2.4,1,0.0,190.0,10.0,0.0,1.0,0.0,4.0,3.0,4.0,17.5,0.75,62,7,69,4.333333333333333,-6.5
A-4e0e85,DevTools,US,6.2,1,0.0,597.0,20.0,0.0,1.0,1.0,0.0,0.0,4.0,36.0,0.0,186,14,6,16.666666666666668,3.5
A-ad3abd,FinTech,US,4.3,1,0.0,3916.0,44.0,0.0,1.0,0.0,0.0,0.0,4.0,36.0,0.0,102,10,12,15.666666666666666,9.5
A-e19ff6,Cybersecurity,UK,11.0,1,0.0,257.0,38.0,0.0,0.0,0.0,3.0,3.0,4.666666666666667,30.666666666666668,1.0,340,22,14,15.333333333333334,8.5
A-7920cc,Cybersecurity,FR,13.3,0,1.0,3255.5625,69.0,0.0,1.0,1.0,7.0,1.0,4.142857142857143,32.857142857142854,0.14285714285714285,601,32,12,32.333333333333336,3.5
A-5a92e7,HealthTech,US,5.0,1,0.0,778.5714285714286,43.0,0.0,1.0,0.0,7.0,4.0,4.285714285714286,45.0,0.5714285714285714,808,35,13,26.0,-5.0
A-fdfc91,Cybersecurity,US,19.9,0,1.0,2061.2,111.0,0.0,1.0,0.0,5.0,5.0,3.8,28.8,1.0,564,32,43,6.666666666666667,0.0
A-1e50e0,Cybersecurity,DE,14.1,1,1.0,2861.0,98.0,0.0,0.0,0.0,0.0,0.0,4.0,36.0,0.0,127,14,113,0.0,0.0
A-1e1b80,FinTech,CA,14.1,1,1.0,4053.9166666666665,53.0,0.0,1.0,0.0,6.0,4.0,3.3333333333333335,43.0,0.6666666666666666,640,32,17,32.333333333333336,11.0
A-659280,FinTech,IN,12.2,1,1.0,2145.0,47.0,0.0,0.0,0.0,4.0,0.0,4.25,8.0,0.0,551,28,20,25.666666666666668,-21.0
A-f6b2fb,DevTools,AU,2.6,1,1.0,1707.75,23.0,1.0,1.0,0.0,5.0,2.0,4.0,55.0,0.4,428,26,2,14.333333333333334,-4.5
A-cb6cc6,DevTools,US,21.0,0,2.0,374.57142857142856,25.0,0.0,1.0,0.0,3.0,2.0,3.6666666666666665,16.333333333333332,0.6666666666666666,314,21,11,13.333333333333334,3.0
A-d62e02,Cybersecurity,US,4.4,0,2.0,2132.4,32.0,1.0,0.0,1.0,1.0,1.0,4.0,36.0,1.0,344,25,10,33.0,-3.0
A-d535f6,DevTools,US,2.8,1,1.0,705.0,54.0,1.0,0.0,0.0,0.0,0.0,4.0,36.0,0.0,460,25,45,11.333333333333334,-11.0
A-39868b,FinTech,AU,2.2,1,0.0,1791.0,9.0,0.0,0.0,1.0,6.0,2.0,4.166666666666667,39.0,0.3333333333333333,163,11,9,13.0,19.5
A-3cc791,EdTech,US,9.0,1,0.0,965.4285714285714,25.0,0.0,1.0,0.0,5.0,3.0,4.2,54.0,0.6,426,28,2,16.333333333333332,10.5
A-337bc1,Cybersecurity,US,4.9,1,0.0,4118.0,34.0,0.0,1.0,1.0,1.0,0.0,4.0,21.0,0.0,204,15,51,3.6666666666666665,0.0
A-58b9ff,DevTools,IN,4.3,1,1.0,2037.9,76.0,1.0,1.0,0.0,2.0,0.0,4.0,66.0,0.0,594,26,4,36.0,16.0
A-bf7919,HealthTech,US,0.7,1,0.0,298.5,8.0,0.0,1.0,1.0,2.0,1.0,4.5,14.5,0.5,262,23,25,6.333333333333333,2.5
A-1d5444,Cybersecurity,US,4.4,1,1.0,2790.714285714286,41.0,0.0,0.0,1.0,0.0,0.0,4.0,36.0,0.0,384,22,11,41.0,10.0
A-0f3e88,HealthTech,US,12.6,1,1.0,678.4285714285714,24.0,0.0,1.0,0.0,2.0,0.0,4.5,62.5,0.0,408,27,19,26.666666666666668,-2.0
A-7641d3,EdTech,US,15.7,1,0.0,1100.7142857142858,76.0,0.0,0.0,1.0,4.0,2.0,4.5,45.5,0.5,357,23,16,17.666666666666668,3.5
A-cd458b,DevTools,US,4.8,1,0.0,2589.818181818182,47.0,0.0,1.0,0.0,4.0,4.0,4.5,34.75,1.0,786,33,4,26.333333333333332,-3.5
A-c16b88,HealthTech,US,6.0,1,0.0,0.0,27.0,0.0,1.0,0.0,3.0,2.0,3.6666666666666665,48.333333333333336,0.6666666666666666,352,24,43,10.666666666666666,-5.0
A-59f724,HealthTech,US,14.0,0,2.0,814.4166666666666,77.0,0.0,1.0,0.0,4.0,3.0,4.25,19.25,0.75,696,33,25,26.333333333333332,-2.5
A-87aa7b,HealthTech,US,7.4,1,6.0,1430.0625,56.0,1.0,1.0,0.0,2.0,1.0,4.0,30.0,0.5,732,31,3,29.333333333333332,-0.5
A-1e6fc3,EdTech,FR,3.4,1,0.0,0.0,1.0,0.0,1.0,0.0,5.0,3.0,3.8,23.8,0.6,160,14,10,15.0,0.5
A-39ddf4,EdTech,US,0.3,1,0.0,5058.0,44.0,0.0,0.0,0.0,5.0,4.0,4.2,23.0,0.8,448,26,33,7.333333333333333,0.0
A-34ea2f,HealthTech,US,2.1,1,0.0,956.3333333333334,83.0,0.0,1.0,0.0,8.0,3.0,3.875,35.25,0.375,468,28,12,29.333333333333332,7.5
A-716841,FinTech,US,6.3,1,0.0,1387.3333333333333,161.0,0.0,1.0,0.0,5.0,0.0,4.0,29.8,0.0,330,25,5,4.0,6.0
A-558c72,FinTech,US,17.9,1,1.0,1310.142857142857,77.0,0.0,1.0,0.0,4.0,2.0,4.25,64.25,0.5,291,19,19,15.0,5.5
A-b11cd0,DevTools,US,23.4,0,0.0,801.0,36.0,0.0,1.0,0.0,4.0,0.0,4.0,38.5,0.0,278,21,11,6.333333333333333,9.5
A-cc1d8d,FinTech,US,0.4,1,0.0,723.1428571428571,84.0,0.0,0.0,0.0,5.0,2.0,4.2,30.2,0.4,618,33,4,30.0,-17.5
A-7f4db3,FinTech,US,0.5,1,0.0,1592.0,8.0,0.0,0.0,1.0,1.0,1.0,3.0,15.0,1.0,88,9,1,29.333333333333332,14.5
A-db5e9e,DevTools,US,1.6,1,1.0,1156.375,42.0,1.0,1.0,1.0,2.0,0.0,5.0,66.0,0.0,566,29,2,13.333333333333334,6.5
A-cc102e,HealthTech,US,7.2,1,0.0,975.8571428571429,42.0,0.0,0.0,0.0,4.0,1.0,4.25,33.25,0.25,351,24,5,8.0,1.5
A-82d8a6,Cybersecurity,UK,1.0,1,6.0,1962.5714285714287,68.0,1.0,1.0,0.0,5.0,3.0,3.8,42.2,0.6,661,32,12,37.666666666666664,-16.0
A-dec005,HealthTech,US,13.4,1,1.0,3074.4,54.0,0.0,0.0,1.0,2.0,1.0,3.5,59.0,0.5,436,30,8,32.333333333333336,-7.0
A-5790f4,FinTech,UK,0.3,1,0.0,3154.3333333333335,63.0,0.0,1.0,1.0,4.0,1.0,4.0,44.0,0.25,321,25,22,10.333333333333334,-5.0
A-7c83a1,Cybersecurity,US,0.4,1,0.0,1470.0,48.0,0.0,1.0,0.0,4.0,2.0,4.0,42.0,0.5,403,26,2,19.333333333333332,21.0
A-297a2d,HealthTech,UK,19.9,0,3.0,2874.6,36.0,0.0,1.0,1.0,2.0,2.0,3.5,32.5,1.0,244,23,48,7.0,-5.0
A-4c56c9,FinTech,US,3.5,1,0.0,0.0,0.0,0.0,0.0,0.0,2.0,1.0,3.5,54.0,0.5,416,26,1,34.666666666666664,19.5
A-cbbe12,Cybersecurity,DE,21.4,0,2.0,2180.1666666666665,49.0,1.0,1.0,1.0,6.0,4.0,4.166666666666667,38.0,0.6666666666666666,178,14,30,5.333333333333333,0.0
A-4a267b,FinTech,US,1.4,1,0.0,5771.0,29.0,0.0,1.0,1.0,4.0,2.0,4.25,16.25,0.5,357,26,23,11.333333333333334,-9.5
A-bcbe98,Cybersecurity,US,3.9,1,3.0,2213.1111111111113,46.0,1.0,1.0,0.0,7.0,4.0,4.0,38.285714285714285,0.5714285714285714,568,34,13,27.333333333333332,11.0
A-427b69,FinTech,US,4.3,0,0.0,1995.8,36.0,0.0,0.0,0.0,2.0,1.0,3.5,31.5,0.5,698,32,5,26.333333333333332,20.5
A-0be015,FinTech,US,1.9,1,0.0,392.6666666666667,24.0,0.0,0.0,0.0,7.0,4.0,4.142857142857143,40.285714285714285,0.5714285714285714,297,19,51,21.666666666666668,-21.5
A-054577,EdTech,UK,8.1,0,2.0,2787.5625,90.0,1.0,1.0,1.0,1.0,1.0,4.0,46.0,1.0,833,36,1,33.333333333333336,30.0
A-bc87bc,FinTech,US,5.5,0,0.0,1504.0,31.0,0.0,1.0,0.0,7.0,4.0,3.857142857142857,40.57142857142857,0.5714285714285714,394,24,11,23.0,20.5
A-0f7d77,FinTech,IN,0.4,1,0.0,0.0,0.0,0.0,0.0,0.0,5.0,3.0,4.4,27.2,0.6,254,21,5,4.333333333333333,3.5
A-e7beab,EdTech,DE,6.2,1,0.0,1840.75,58.0,0.0,1.0,1.0,5.0,2.0,4.0,39.0,0.4,292,16,26,18.666666666666668,7.0
A-a09355,FinTech,US,2.3,1,0.0,2439.25,30.0,0.0,1.0,1.0,5.0,3.0,4.0,32.6,0.6,697,32,11,21.333333333333332,11.0
A-31ab9a,FinTech,DE,6.7,1,0.0,1114.75,73.0,0.0,1.0,0.0,6.0,3.0,3.8333333333333335,46.833333333333336,0.5,300,18,16,16.666666666666668,-12.5
A-0158bb,FinTech,DE,7.4,0,1.0,678.3333333333334,45.0,0.0,1.0,0.0,1.0,1.0,3.0,32.0,1.0,364,19,4,8.333333333333334,9.0
A-f19b24,Cybersecurity,US,23.7,0,0.0,841.0,29.0,0.0,1.0,0.0,2.0,1.0,4.0,35.5,0.5,119,12,59,12.333333333333334,-14.0
A-798a3f,DevTools,FR,9.0,1,1.0,1065.1666666666667,42.0,0.0,1.0,0.0,4.0,4.0,4.0,39.5,1.0,282,17,46,11.333333333333334,-15.5
A-42b791,FinTech,AU,7.4,0,0.0,2722.8571428571427,75.0,0.0,0.0,0.0,3.0,2.0,4.0,33.666666666666664,0.6666666666666666,312,19,12,11.666666666666666,2.0
A-068fc6,EdTech,US,17.5,0,1.0,2908.5,35.0,0.0,1.0,1.0,5.0,4.0,4.2,38.8,0.8,598,32,3,24.333333333333332,30.5
A-6f50ae,FinTech,US,5.2,1,0.0,1125.75,19.0,0.0,0.0,0.0,1.0,0.0,5.0,34.0,0.0,416,28,1,22.0,-4.0
A-a2485e,FinTech,US,4.9,0,1.0,1462.5,68.0,1.0,1.0,1.0,0.0,0.0,4.0,36.0,0.0,317,22,35,16.666666666666668,-13.0
A-bb1eaa,Cybersecurity,US,2.1,1,1.0,1659.0,21.0,1.0,1.0,0.0,5.0,4.0,4.0,27.0,0.8,126,12,82,4.333333333333333,-6.5
A-cc98bc,DevTools,US,19.3,0,1.0,2156.7,57.0,0.0,1.0,0.0,3.0,1.0,4.0,4.666666666666667,0.3333333333333333,551,29,8,27.666666666666668,-9.0
A-d77f4c,DevTools,US,14.3,1,4.0,3733.076923076923,94.0,1.0,1.0,1.0,2.0,1.0,4.0,31.0,0.5,599,30,4,20.0,0.5
A-ccabf0,HealthTech,IN,11.8,1,1.0,2237.9,59.0,1.0,1.0,0.0,4.0,2.0,3.75,46.25,0.5,450,28,1,16.333333333333332,2.5
A-700ade,Cybersecurity,UK,2.0,0,0.0,2109.375,50.0,0.0,0.0,0.0,4.0,3.0,4.5,30.25,0.75,284,20,81,5.333333333333333,-8.0
A-4a4c2d,DevTools,US,20.0,0,2.0,2612.769230769231,54.0,1.0,1.0,0.0,5.0,2.0,4.2,42.0,0.4,587,28,4,15.0,2.5
A-b7ef83,Cybersecurity,UK,1.8,1,0.0,1980.1666666666667,43.0,0.0,0.0,1.0,1.0,1.0,4.0,28.0,1.0,585,29,3,26.0,-1.0
A-e08cd3,FinTech,US,2.9,1,0.0,6974.7,67.0,0.0,1.0,1.0,6.0,4.0,4.0,28.166666666666668,0.6666666666666666,413,29,1,17.666666666666668,7.5
A-19b2c8,DevTools,IN,14.4,1,0.0,2065.7272727272725,33.0,0.0,1.0,1.0,2.0,0.0,4.5,28.0,0.0,491,25,2,25.333333333333332,18.0
A-970c97,HealthTech,DE,10.1,0,1.0,1922.625,29.0,1.0,1.0,0.0,1.0,1.0,5.0,61.0,1.0,444,26,2,20.0,8.0
A-6dee43,FinTech,UK,5.1,1,0.0,1251.0,12.0,0.0,1.0,1.0,3.0,3.0,4.333333333333333,45.666666666666664,1.0,298,19,12,24.0,-20.0
A-5ed98d,DevTools,US,3.4,1,0.0,2976.0,24.0,0.0,1.0,0.0,5.0,2.0,4.2,35.8,0.4,239,19,71,1.6666666666666667,-2.5
A-c58f49,EdTech,US,1.7,1,0.0,7630.0,70.0,0.0,1.0,1.0,3.0,2.0,4.333333333333333,36.333333333333336,0.6666666666666666,319,22,5,5.666666666666667,8.5
A-9c18c4,HealthTech,US,17.2,0,3.0,1782.3,19.0,0.0,1.0,1.0,4.0,2.0,4.0,42.25,0.5,556,30,19,29.0,-5.0
A-cc8c8f,DevTools,US,2.9,1,1.0,2003.0,28.0,0.0,1.0,0.0,2.0,2.0,3.5,14.5,1.0,239,19,23,16.0,1.0
A-5f7781,DevTools,US,4.2,1,1.0,2050.4,85.0,0.0,1.0,0.0,2.0,2.0,4.0,28.5,1.0,176,16,41,2.3333333333333335,0.0
A-e1b9cd,DevTools,US,19.2,1,3.0,2547.846153846154,100.0,1.0,0.0,0.0,1.0,1.0,3.0,35.0,1.0,804,33,5,46.0,16.5
A-ac85cd,EdTech,US,4.4,1,2.0,2662.0,61.0,1.0,1.0,0.0,3.0,0.0,3.6666666666666665,33.666666666666664,0.0,634,30,16,42.0,8.5
A-d792a6,DevTools,US,18.7,1,2.0,778.0,37.0,1.0,1.0,1.0,3.0,2.0,4.0,52.333333333333336,0.6666666666666666,530,27,12,39.0,-1.0
A-ac9111,HealthTech,US,10.4,1,1.0,1202.0,56.0,1.0,1.0,1.0,3.0,2.0,4.333333333333333,24.666666666666668,0.6666666666666666,620,29,4,41.0,-7.5
A-18793f,EdTech,US,0.4,1,0.0,7858.8,148.0,0.0,1.0,0.0,5.0,2.0,3.8,45.2,0.4,486,30,18,11.666666666666666,-2.0
A-9f0b68,EdTech,US,6.1,1,2.0,2825.2,36.0,1.0,1.0,1.0,2.0,1.0,3.5,20.5,0.5,687,36,6,27.0,-5.0
A-d3c88e,DevTools,US,1.0,1,1.0,950.4,16.0,0.0,0.0,0.0,3.0,3.0,4.0,58.0,1.0,600,32,7,37.333333333333336,-19.5
A-ccb686,DevTools,US,10.1,1,5.0,1934.2,53.0,1.0,1.0,0.0,1.0,1.0,4.0,67.0,1.0,629,34,3,43.333333333333336,-2.5
A-118f1c,Cybersecurity,US,1.5,1,0.0,4776.0,32.0,0.0,1.0,1.0,1.0,0.0,3.0,64.0,0.0,369,22,73,13.666666666666666,-20.5
A-0e966d,FinTech,IN,6.2,0,0.0,1131.3636363636363,57.0,0.0,1.0,0.0,3.0,1.0,4.333333333333333,31.666666666666668,0.3333333333333333,636,31,18,33.666666666666664,-4.0
A-b9f5b1,Cybersecurity,US,5.8,1,0.0,0.0,42.0,0.0,1.0,1.0,2.0,0.0,3.5,44.0,0.0,100,8,24,14.0,-7.5
A-8ae3fc,DevTools,CA,1.4,1,0.0,809.0,31.0,0.0,1.0,0.0,4.0,4.0,3.75,39.5,1.0,298,23,86,3.3333333333333335,-5.0
A-55f257,FinTech,US,12.4,0,3.0,1213.7,38.0,0.0,0.0,1.0,6.0,3.0,4.666666666666667,43.166666666666664,0.5,476,31,1,37.333333333333336,32.0
A-d26ab4,DevTools,UK,1.6,1,1.0,1255.75,62.0,1.0,1.0,1.0,2.0,1.0,4.0,49.5,0.5,458,24,17,20.666666666666668,0.0
A-712533,EdTech,US,11.6,1,0.0,1324.0,45.0,0.0,1.0,1.0,2.0,0.0,4.0,24.5,0.0,437,29,24,21.0,-10.0
A-781cc0,EdTech,US,3.2,1,2.0,1144.6875,34.0,0.0,1.0,0.0,3.0,2.0,4.0,55.333333333333336,0.6666666666666666,829,31,19,49.0,-4.5
